id	dilemma_key	option_key	value
#cdir_events_dilemma_option_junctions_tables;1;db/cdir_events_dilemma_option_junctions_tables/Family_cdir_events_dilemma_option_junctions			
51000	dei_dilemma_family_20001	VAR_FOLLOWUP_CHANCE	0
51001	dei_dilemma_family_20008	VAR_FOLLOWUP_CHANCE	100
51002	dei_dilemma_family_20015	VAR_FOLLOWUP_CHANCE	100
51003	dei_dilemma_family_20022	VAR_FOLLOWUP_CHANCE	100
51004	dei_dilemma_family_20029	VAR_FOLLOWUP_CHANCE	100
51005	dei_dilemma_family_20036	VAR_FOLLOWUP_CHANCE	100
51006	dei_dilemma_family_20043	VAR_FOLLOWUP_CHANCE	100
51007	dei_dilemma_family_20050	VAR_FOLLOWUP_CHANCE	100
51008	dei_dilemma_family_20057	VAR_FOLLOWUP_CHANCE	100
51009	dei_dilemma_family_20064	VAR_FOLLOWUP_CHANCE	100
51010	dei_dilemma_family_20071	VAR_FOLLOWUP_CHANCE	100
51011	dei_dilemma_family_20078	VAR_FOLLOWUP_CHANCE	100
51012	dei_dilemma_family_20085	VAR_FOLLOWUP_CHANCE	100
51013	dei_dilemma_family_20092	VAR_FOLLOWUP_CHANCE	100
51014	dei_dilemma_family_20099	VAR_FOLLOWUP_CHANCE	100
51015	dei_dilemma_family_20106	VAR_FOLLOWUP_CHANCE	0
51016	dei_dilemma_family_20113	VAR_FOLLOWUP_CHANCE	100
51017	dei_dilemma_family_20120	VAR_FOLLOWUP_CHANCE	100
51018	dei_dilemma_family_20127	VAR_FOLLOWUP_CHANCE	100
51019	dei_dilemma_family_20134	VAR_FOLLOWUP_CHANCE	100
51020	dei_dilemma_family_20141	VAR_FOLLOWUP_CHANCE	0
51021	dei_dilemma_family_20148	VAR_FOLLOWUP_CHANCE	100
51022	dei_dilemma_family_20155	VAR_FOLLOWUP_CHANCE	0
51023	dei_dilemma_family_20162	VAR_FOLLOWUP_CHANCE	100
51024	dei_dilemma_family_20169	VAR_FOLLOWUP_CHANCE	100
51025	dei_dilemma_family_20176	VAR_FOLLOWUP_CHANCE	0
51026	dei_dilemma_family_20183	VAR_FOLLOWUP_CHANCE	100
51027	dei_dilemma_family_20190	VAR_FOLLOWUP_CHANCE	100
51028	dei_dilemma_family_20197	VAR_FOLLOWUP_CHANCE	0
51029	dei_dilemma_family_20204	VAR_FOLLOWUP_CHANCE	100
51030	dei_dilemma_family_20211	VAR_FOLLOWUP_CHANCE	100
51031	dei_dilemma_family_20218	VAR_FOLLOWUP_CHANCE	100
51032	dei_dilemma_family_20225	VAR_FOLLOWUP_CHANCE	0
51033	dei_dilemma_family_20232	VAR_FOLLOWUP_CHANCE	0
51034	dei_dilemma_family_20239	VAR_FOLLOWUP_CHANCE	100
51035	dei_dilemma_family_20246	VAR_FOLLOWUP_CHANCE	100
51036	dei_dilemma_family_20253	VAR_FOLLOWUP_CHANCE	100
51037	dei_dilemma_family_20260	VAR_FOLLOWUP_CHANCE	100
51038	dei_dilemma_family_20267	VAR_FOLLOWUP_CHANCE	100
51039	dei_dilemma_family_20274	VAR_FOLLOWUP_CHANCE	0
51040	dei_dilemma_family_20281	VAR_FOLLOWUP_CHANCE	0
51041	dei_dilemma_family_20288	VAR_FOLLOWUP_CHANCE	100
51042	dei_dilemma_family_20295	VAR_FOLLOWUP_CHANCE	100
51043	dei_dilemma_family_20302	VAR_FOLLOWUP_CHANCE	100
51044	dei_dilemma_family_20309	VAR_FOLLOWUP_CHANCE	100
51045	dei_dilemma_family_20316	VAR_FOLLOWUP_CHANCE	100
51046	dei_dilemma_family_20323	VAR_FOLLOWUP_CHANCE	100
51047	dei_dilemma_family_20330	VAR_FOLLOWUP_CHANCE	100
51048	dei_dilemma_family_20337	VAR_FOLLOWUP_CHANCE	100
51049	dei_dilemma_family_20344	VAR_FOLLOWUP_CHANCE	100
51050	dei_dilemma_family_20351	VAR_FOLLOWUP_CHANCE	100
51051	dei_dilemma_family_20358	VAR_FOLLOWUP_CHANCE	100
51052	dei_dilemma_family_20365	VAR_FOLLOWUP_CHANCE	100
51053	dei_dilemma_family_20372	VAR_FOLLOWUP_CHANCE	100
51054	dei_dilemma_family_20379	VAR_FOLLOWUP_CHANCE	100
51055	dei_dilemma_family_20386	VAR_FOLLOWUP_CHANCE	100
51056	dei_dilemma_family_20393	VAR_FOLLOWUP_CHANCE	100
51057	dei_dilemma_family_20400	VAR_FOLLOWUP_CHANCE	100
51058	dei_dilemma_family_20407	VAR_FOLLOWUP_CHANCE	100
51059	dei_dilemma_family_20414	VAR_FOLLOWUP_CHANCE	100
51060	dei_dilemma_family_20421	VAR_FOLLOWUP_CHANCE	100
51061	dei_dilemma_family_20428	VAR_FOLLOWUP_CHANCE	100
51062	dei_dilemma_family_20435	VAR_FOLLOWUP_CHANCE	100
51063	dei_dilemma_family_20442	VAR_FOLLOWUP_CHANCE	100
51064	dei_dilemma_family_20449	VAR_FOLLOWUP_CHANCE	0
51065	dei_dilemma_family_20456	VAR_FOLLOWUP_CHANCE	100
51066	dei_dilemma_family_20463	VAR_FOLLOWUP_CHANCE	100
51067	dei_dilemma_family_20470	VAR_FOLLOWUP_CHANCE	100
51068	dei_dilemma_family_20477	VAR_FOLLOWUP_CHANCE	100
51069	dei_dilemma_family_20484	VAR_FOLLOWUP_CHANCE	100
51070	dei_dilemma_family_20491	VAR_FOLLOWUP_CHANCE	100
51071	dei_dilemma_family_20498	VAR_FOLLOWUP_CHANCE	100
51072	dei_dilemma_family_20505	VAR_FOLLOWUP_CHANCE	100
51073	dei_dilemma_family_20512	VAR_FOLLOWUP_CHANCE	100
51074	dei_dilemma_family_20519	VAR_FOLLOWUP_CHANCE	100
51075	dei_dilemma_family_20526	VAR_FOLLOWUP_CHANCE	100
51076	dei_dilemma_family_20533	VAR_FOLLOWUP_CHANCE	100
51077	dei_dilemma_family_20540	VAR_FOLLOWUP_CHANCE	100
51078	dei_dilemma_family_20547	VAR_FOLLOWUP_CHANCE	100
51079	dei_dilemma_family_20554	VAR_FOLLOWUP_CHANCE	100
51080	dei_dilemma_family_20561	VAR_FOLLOWUP_CHANCE	0
51081	dei_dilemma_family_20568	VAR_FOLLOWUP_CHANCE	100
51082	dei_dilemma_family_20575	VAR_FOLLOWUP_CHANCE	0
51083	dei_dilemma_family_20582	VAR_FOLLOWUP_CHANCE	100
51084	dei_dilemma_family_20589	VAR_FOLLOWUP_CHANCE	100
51085	dei_dilemma_family_20596	VAR_FOLLOWUP_CHANCE	100
51086	dei_dilemma_family_20603	VAR_FOLLOWUP_CHANCE	100
51087	dei_dilemma_family_20610	VAR_FOLLOWUP_CHANCE	100
51088	dei_dilemma_family_20617	VAR_FOLLOWUP_CHANCE	100
51089	dei_dilemma_family_20624	VAR_FOLLOWUP_CHANCE	100
51090	dei_dilemma_family_20631	VAR_FOLLOWUP_CHANCE	100
51091	dei_dilemma_family_20638	VAR_FOLLOWUP_CHANCE	100
51092	dei_dilemma_family_20645	VAR_FOLLOWUP_CHANCE	100
51093	dei_dilemma_family_20652	VAR_FOLLOWUP_CHANCE	100
51094	dei_dilemma_family_20659	VAR_FOLLOWUP_CHANCE	100
51095	dei_dilemma_family_20666	VAR_FOLLOWUP_CHANCE	100
51096	dei_dilemma_family_20673	VAR_FOLLOWUP_CHANCE	100
51097	dei_dilemma_family_20680	VAR_FOLLOWUP_CHANCE	100
51098	dei_dilemma_family_20687	VAR_FOLLOWUP_CHANCE	100
51099	dei_dilemma_family_20694	VAR_FOLLOWUP_CHANCE	100
51100	dei_dilemma_family_20701	VAR_FOLLOWUP_CHANCE	100
51101	dei_dilemma_family_20708	VAR_FOLLOWUP_CHANCE	100
51102	dei_dilemma_family_20715	VAR_FOLLOWUP_CHANCE	100
51103	dei_dilemma_family_20722	VAR_FOLLOWUP_CHANCE	0
51104	dei_dilemma_family_20729	VAR_FOLLOWUP_CHANCE	100
51105	dei_dilemma_family_20736	VAR_FOLLOWUP_CHANCE	100
51106	dei_dilemma_family_20743	VAR_FOLLOWUP_CHANCE	100
51107	dei_dilemma_family_20750	VAR_FOLLOWUP_CHANCE	100
51108	dei_dilemma_family_20757	VAR_FOLLOWUP_CHANCE	100
51109	dei_dilemma_family_20764	VAR_FOLLOWUP_CHANCE	100
51110	dei_dilemma_family_20771	VAR_FOLLOWUP_CHANCE	100
51111	dei_dilemma_family_20778	VAR_FOLLOWUP_CHANCE	100
51112	dei_dilemma_family_20785	VAR_FOLLOWUP_CHANCE	100
51113	dei_dilemma_family_20792	VAR_FOLLOWUP_CHANCE	100
51114	dei_dilemma_family_20799	VAR_FOLLOWUP_CHANCE	100
51115	dei_dilemma_family_20806	VAR_FOLLOWUP_CHANCE	100
51116	dei_dilemma_family_20813	VAR_FOLLOWUP_CHANCE	100
51117	dei_dilemma_family_20820	VAR_FOLLOWUP_CHANCE	100
51118	dei_dilemma_family_20827	VAR_FOLLOWUP_CHANCE	100
51119	dei_dilemma_family_20834	VAR_FOLLOWUP_CHANCE	100
51120	dei_dilemma_family_20841	VAR_FOLLOWUP_CHANCE	100
51121	dei_dilemma_family_20848	VAR_FOLLOWUP_CHANCE	100
51122	dei_dilemma_family_20855	VAR_FOLLOWUP_CHANCE	0
51123	dei_dilemma_family_20862	VAR_FOLLOWUP_CHANCE	0
51124	dei_dilemma_family_20869	VAR_FOLLOWUP_CHANCE	100
51125	dei_dilemma_family_20876	VAR_FOLLOWUP_CHANCE	0
51126	dei_dilemma_family_20883	VAR_FOLLOWUP_CHANCE	100
51127	dei_dilemma_family_20890	VAR_FOLLOWUP_CHANCE	100
51128	dei_dilemma_family_20897	VAR_FOLLOWUP_CHANCE	100
51129	dei_dilemma_family_20904	VAR_FOLLOWUP_CHANCE	100
51130	dei_dilemma_family_20911	VAR_FOLLOWUP_CHANCE	100
51131	dei_dilemma_family_20918	VAR_FOLLOWUP_CHANCE	0
51132	dei_dilemma_family_20925	VAR_FOLLOWUP_CHANCE	0
51133	dei_dilemma_family_20932	VAR_FOLLOWUP_CHANCE	100
51134	dei_dilemma_family_20939	VAR_FOLLOWUP_CHANCE	100
51135	dei_dilemma_family_20946	VAR_FOLLOWUP_CHANCE	100
51136	dei_dilemma_family_20953	VAR_FOLLOWUP_CHANCE	100
51137	dei_dilemma_family_20960	VAR_FOLLOWUP_CHANCE	100
51138	dei_dilemma_family_20967	VAR_FOLLOWUP_CHANCE	0
51139	dei_dilemma_family_20974	VAR_FOLLOWUP_CHANCE	0
51140	dei_dilemma_family_20981	VAR_FOLLOWUP_CHANCE	100
51141	dei_dilemma_family_20988	VAR_FOLLOWUP_CHANCE	100
51142	dei_dilemma_family_20995	VAR_FOLLOWUP_CHANCE	100
51143	dei_dilemma_family_21002	VAR_FOLLOWUP_CHANCE	100
51144	dei_dilemma_family_21009	VAR_FOLLOWUP_CHANCE	100
51145	dei_dilemma_family_21016	VAR_FOLLOWUP_CHANCE	100
51146	dei_dilemma_family_21023	VAR_FOLLOWUP_CHANCE	100
51147	dei_dilemma_family_21030	VAR_FOLLOWUP_CHANCE	100
51148	dei_dilemma_family_21037	VAR_FOLLOWUP_CHANCE	100
51149	dei_dilemma_family_21044	VAR_FOLLOWUP_CHANCE	100
51150	dei_dilemma_family_21051	VAR_FOLLOWUP_CHANCE	100
51151	dei_dilemma_family_21058	VAR_FOLLOWUP_CHANCE	100
51152	dei_dilemma_family_21065	VAR_FOLLOWUP_CHANCE	100
51153	dei_dilemma_family_21072	VAR_FOLLOWUP_CHANCE	100
51154	dei_dilemma_family_21079	VAR_FOLLOWUP_CHANCE	100
51155	dei_dilemma_family_21086	VAR_FOLLOWUP_CHANCE	100
51156	dei_dilemma_family_21093	VAR_FOLLOWUP_CHANCE	100
51157	dei_dilemma_family_21100	VAR_FOLLOWUP_CHANCE	100
51158	dei_dilemma_family_21107	VAR_FOLLOWUP_CHANCE	100
51159	dei_dilemma_family_21114	VAR_FOLLOWUP_CHANCE	100
51160	dei_dilemma_family_21121	VAR_FOLLOWUP_CHANCE	100
51161	dei_dilemma_family_21128	VAR_FOLLOWUP_CHANCE	100
51162	dei_dilemma_family_21135	VAR_FOLLOWUP_CHANCE	100
51163	dei_dilemma_family_21142	VAR_FOLLOWUP_CHANCE	100
51164	dei_dilemma_family_21149	VAR_FOLLOWUP_CHANCE	100
51165	dei_dilemma_family_21156	VAR_FOLLOWUP_CHANCE	100
51166	dei_dilemma_family_21163	VAR_FOLLOWUP_CHANCE	100
51167	dei_dilemma_family_21170	VAR_FOLLOWUP_CHANCE	100
51168	dei_dilemma_family_21177	VAR_FOLLOWUP_CHANCE	100
51169	dei_dilemma_family_21184	VAR_FOLLOWUP_CHANCE	100
51170	dei_dilemma_family_21191	VAR_FOLLOWUP_CHANCE	100
51171	dei_dilemma_family_21198	VAR_FOLLOWUP_CHANCE	100
51172	dei_dilemma_family_21205	VAR_FOLLOWUP_CHANCE	100
51173	dei_dilemma_family_21212	VAR_FOLLOWUP_CHANCE	100
51174	dei_dilemma_family_21219	VAR_FOLLOWUP_CHANCE	100
51175	dei_dilemma_family_21226	VAR_FOLLOWUP_CHANCE	100
51176	dei_dilemma_family_21233	VAR_FOLLOWUP_CHANCE	100
51177	dei_dilemma_family_21240	VAR_FOLLOWUP_CHANCE	100
51178	dei_dilemma_family_21247	VAR_FOLLOWUP_CHANCE	100
51179	dei_dilemma_family_21254	VAR_FOLLOWUP_CHANCE	100
51180	dei_dilemma_family_21261	VAR_FOLLOWUP_CHANCE	100
51181	dei_dilemma_family_21268	VAR_FOLLOWUP_CHANCE	100
51182	dei_dilemma_family_21275	VAR_FOLLOWUP_CHANCE	100
51183	dei_dilemma_family_21282	VAR_FOLLOWUP_CHANCE	100
51184	dei_dilemma_family_21289	VAR_FOLLOWUP_CHANCE	100
51185	dei_dilemma_family_21296	VAR_FOLLOWUP_CHANCE	100
51186	dei_dilemma_family_21303	VAR_FOLLOWUP_CHANCE	100
51187	dei_dilemma_family_21310	VAR_FOLLOWUP_CHANCE	100
51188	dei_dilemma_family_21317	VAR_FOLLOWUP_CHANCE	100
51189	dei_dilemma_family_21324	VAR_FOLLOWUP_CHANCE	100
51190	dei_dilemma_family_21331	VAR_FOLLOWUP_CHANCE	100
51191	dei_dilemma_family_21338	VAR_FOLLOWUP_CHANCE	100
51192	dei_dilemma_family_21345	VAR_FOLLOWUP_CHANCE	100
51193	dei_dilemma_family_21352	VAR_FOLLOWUP_CHANCE	100
51194	dei_dilemma_family_21359	VAR_FOLLOWUP_CHANCE	100
51195	dei_dilemma_family_21366	VAR_FOLLOWUP_CHANCE	100
51196	dei_dilemma_family_21373	VAR_FOLLOWUP_CHANCE	100
51197	dei_dilemma_family_21380	VAR_FOLLOWUP_CHANCE	100
51198	dei_dilemma_family_21387	VAR_FOLLOWUP_CHANCE	100
51199	dei_dilemma_family_21394	VAR_FOLLOWUP_CHANCE	100
51200	dei_dilemma_family_21401	VAR_FOLLOWUP_CHANCE	100
51201	dei_dilemma_family_21408	VAR_FOLLOWUP_CHANCE	100
51202	dei_dilemma_family_21415	VAR_FOLLOWUP_CHANCE	100
51203	dei_dilemma_family_21422	VAR_FOLLOWUP_CHANCE	100
51204	dei_dilemma_family_21429	VAR_FOLLOWUP_CHANCE	100
51205	dei_dilemma_family_21436	VAR_FOLLOWUP_CHANCE	100
51206	dei_dilemma_family_21443	VAR_FOLLOWUP_CHANCE	100
51207	dei_dilemma_family_21450	VAR_FOLLOWUP_CHANCE	100
51208	dei_dilemma_family_21457	VAR_FOLLOWUP_CHANCE	100
51209	dei_dilemma_family_21464	VAR_FOLLOWUP_CHANCE	100
51210	dei_dilemma_family_21471	VAR_FOLLOWUP_CHANCE	100
51211	dei_dilemma_family_21478	VAR_FOLLOWUP_CHANCE	100
51212	dei_dilemma_family_21485	VAR_FOLLOWUP_CHANCE	100
51213	dei_dilemma_family_21492	VAR_FOLLOWUP_CHANCE	100
51214	dei_dilemma_family_21499	VAR_FOLLOWUP_CHANCE	100
51215	dei_dilemma_family_21506	VAR_FOLLOWUP_CHANCE	100
51216	dei_dilemma_family_21513	VAR_FOLLOWUP_CHANCE	100
51217	dei_dilemma_family_21520	VAR_FOLLOWUP_CHANCE	100
51218	dei_dilemma_family_21527	VAR_FOLLOWUP_CHANCE	100
51219	dei_dilemma_family_21534	VAR_FOLLOWUP_CHANCE	100
51220	dei_dilemma_family_21541	VAR_FOLLOWUP_CHANCE	100
51221	dei_dilemma_family_21548	VAR_FOLLOWUP_CHANCE	100
51222	dei_dilemma_family_21555	VAR_FOLLOWUP_CHANCE	100
51223	dei_dilemma_family_21562	VAR_FOLLOWUP_CHANCE	100
51224	dei_dilemma_family_21569	VAR_FOLLOWUP_CHANCE	100
51225	dei_dilemma_family_20001	CND_CAMPAIGN	main_rome
51226	dei_dilemma_family_20008	CND_CAMPAIGN	main_rome
51227	dei_dilemma_family_20015	CND_CAMPAIGN	main_rome
51228	dei_dilemma_family_20022	CND_CAMPAIGN	main_rome
51229	dei_dilemma_family_20029	CND_CAMPAIGN	main_rome
51230	dei_dilemma_family_20036	CND_CAMPAIGN	main_rome
51231	dei_dilemma_family_20043	CND_CAMPAIGN	main_rome
51232	dei_dilemma_family_20050	CND_CAMPAIGN	main_rome
51233	dei_dilemma_family_20057	CND_CAMPAIGN	main_rome
51234	dei_dilemma_family_20064	CND_CAMPAIGN	main_rome
51235	dei_dilemma_family_20071	CND_CAMPAIGN	main_rome
51236	dei_dilemma_family_20078	CND_CAMPAIGN	main_rome
51237	dei_dilemma_family_20085	CND_CAMPAIGN	main_rome
51238	dei_dilemma_family_20092	CND_CAMPAIGN	main_rome
51239	dei_dilemma_family_20099	CND_CAMPAIGN	main_rome
51240	dei_dilemma_family_20106	CND_CAMPAIGN	main_rome
51241	dei_dilemma_family_20113	CND_CAMPAIGN	main_rome
51242	dei_dilemma_family_20120	CND_CAMPAIGN	main_rome
51243	dei_dilemma_family_20127	CND_CAMPAIGN	main_rome
51244	dei_dilemma_family_20134	CND_CAMPAIGN	main_rome
51245	dei_dilemma_family_20141	CND_CAMPAIGN	main_rome
51246	dei_dilemma_family_20148	CND_CAMPAIGN	main_rome
51247	dei_dilemma_family_20155	CND_CAMPAIGN	main_rome
51248	dei_dilemma_family_20162	CND_CAMPAIGN	main_rome
51249	dei_dilemma_family_20169	CND_CAMPAIGN	main_rome
51250	dei_dilemma_family_20176	CND_CAMPAIGN	main_rome
51251	dei_dilemma_family_20183	CND_CAMPAIGN	main_rome
51252	dei_dilemma_family_20190	CND_CAMPAIGN	main_rome
51253	dei_dilemma_family_20197	CND_CAMPAIGN	main_rome
51254	dei_dilemma_family_20204	CND_CAMPAIGN	main_rome
51255	dei_dilemma_family_20211	CND_CAMPAIGN	main_rome
51256	dei_dilemma_family_20218	CND_CAMPAIGN	main_rome
51257	dei_dilemma_family_20225	CND_CAMPAIGN	main_rome
51258	dei_dilemma_family_20232	CND_CAMPAIGN	main_rome
51259	dei_dilemma_family_20239	CND_CAMPAIGN	main_rome
51260	dei_dilemma_family_20246	CND_CAMPAIGN	main_rome
51261	dei_dilemma_family_20253	CND_CAMPAIGN	main_rome
51262	dei_dilemma_family_20260	CND_CAMPAIGN	main_rome
51263	dei_dilemma_family_20267	CND_CAMPAIGN	main_rome
51264	dei_dilemma_family_20274	CND_CAMPAIGN	main_rome
51265	dei_dilemma_family_20281	CND_CAMPAIGN	main_rome
51266	dei_dilemma_family_20288	CND_CAMPAIGN	main_rome
51267	dei_dilemma_family_20295	CND_CAMPAIGN	main_rome
51268	dei_dilemma_family_20302	CND_CAMPAIGN	main_rome
51269	dei_dilemma_family_20309	CND_CAMPAIGN	main_rome
51270	dei_dilemma_family_20316	CND_CAMPAIGN	main_rome
51271	dei_dilemma_family_20323	CND_CAMPAIGN	main_rome
51272	dei_dilemma_family_20330	CND_CAMPAIGN	main_rome
51273	dei_dilemma_family_20337	CND_CAMPAIGN	main_rome
51274	dei_dilemma_family_20344	CND_CAMPAIGN	main_rome
51275	dei_dilemma_family_20351	CND_CAMPAIGN	main_rome
51276	dei_dilemma_family_20358	CND_CAMPAIGN	main_rome
51277	dei_dilemma_family_20365	CND_CAMPAIGN	main_rome
51278	dei_dilemma_family_20372	CND_CAMPAIGN	main_rome
51279	dei_dilemma_family_20379	CND_CAMPAIGN	main_rome
51280	dei_dilemma_family_20386	CND_CAMPAIGN	main_rome
51281	dei_dilemma_family_20393	CND_CAMPAIGN	main_rome
51282	dei_dilemma_family_20400	CND_CAMPAIGN	main_rome
51283	dei_dilemma_family_20407	CND_CAMPAIGN	main_rome
51284	dei_dilemma_family_20414	CND_CAMPAIGN	main_rome
51285	dei_dilemma_family_20421	CND_CAMPAIGN	main_rome
51286	dei_dilemma_family_20428	CND_CAMPAIGN	main_rome
51287	dei_dilemma_family_20435	CND_CAMPAIGN	main_rome
51288	dei_dilemma_family_20442	CND_CAMPAIGN	main_rome
51289	dei_dilemma_family_20449	CND_CAMPAIGN	main_rome
51290	dei_dilemma_family_20456	CND_CAMPAIGN	main_rome
51291	dei_dilemma_family_20463	CND_CAMPAIGN	main_rome
51292	dei_dilemma_family_20470	CND_CAMPAIGN	main_rome
51293	dei_dilemma_family_20477	CND_CAMPAIGN	main_rome
51294	dei_dilemma_family_20484	CND_CAMPAIGN	main_rome
51295	dei_dilemma_family_20491	CND_CAMPAIGN	main_rome
51296	dei_dilemma_family_20498	CND_CAMPAIGN	main_rome
51297	dei_dilemma_family_20505	CND_CAMPAIGN	main_rome
51298	dei_dilemma_family_20512	CND_CAMPAIGN	main_rome
51299	dei_dilemma_family_20519	CND_CAMPAIGN	main_rome
51300	dei_dilemma_family_20526	CND_CAMPAIGN	main_rome
51301	dei_dilemma_family_20533	CND_CAMPAIGN	main_rome
51302	dei_dilemma_family_20540	CND_CAMPAIGN	main_rome
51303	dei_dilemma_family_20547	CND_CAMPAIGN	main_rome
51304	dei_dilemma_family_20554	CND_CAMPAIGN	main_rome
51305	dei_dilemma_family_20561	CND_CAMPAIGN	main_rome
51306	dei_dilemma_family_20568	CND_CAMPAIGN	main_rome
51307	dei_dilemma_family_20575	CND_CAMPAIGN	main_rome
51308	dei_dilemma_family_20582	CND_CAMPAIGN	main_rome
51309	dei_dilemma_family_20589	CND_CAMPAIGN	main_rome
51310	dei_dilemma_family_20596	CND_CAMPAIGN	main_rome
51311	dei_dilemma_family_20603	CND_CAMPAIGN	main_rome
51312	dei_dilemma_family_20610	CND_CAMPAIGN	main_rome
51313	dei_dilemma_family_20617	CND_CAMPAIGN	main_rome
51314	dei_dilemma_family_20624	CND_CAMPAIGN	main_rome
51315	dei_dilemma_family_20631	CND_CAMPAIGN	main_rome
51316	dei_dilemma_family_20638	CND_CAMPAIGN	main_rome
51317	dei_dilemma_family_20645	CND_CAMPAIGN	main_rome
51318	dei_dilemma_family_20652	CND_CAMPAIGN	main_rome
51319	dei_dilemma_family_20659	CND_CAMPAIGN	main_rome
51320	dei_dilemma_family_20666	CND_CAMPAIGN	main_rome
51321	dei_dilemma_family_20673	CND_CAMPAIGN	main_rome
51322	dei_dilemma_family_20680	CND_CAMPAIGN	main_rome
51323	dei_dilemma_family_20687	CND_CAMPAIGN	main_rome
51324	dei_dilemma_family_20694	CND_CAMPAIGN	main_rome
51325	dei_dilemma_family_20701	CND_CAMPAIGN	main_rome
51326	dei_dilemma_family_20708	CND_CAMPAIGN	main_rome
51327	dei_dilemma_family_20715	CND_CAMPAIGN	main_rome
51328	dei_dilemma_family_20722	CND_CAMPAIGN	main_rome
51329	dei_dilemma_family_20729	CND_CAMPAIGN	main_rome
51330	dei_dilemma_family_20736	CND_CAMPAIGN	main_rome
51331	dei_dilemma_family_20743	CND_CAMPAIGN	main_rome
51332	dei_dilemma_family_20750	CND_CAMPAIGN	main_rome
51333	dei_dilemma_family_20757	CND_CAMPAIGN	main_rome
51334	dei_dilemma_family_20764	CND_CAMPAIGN	main_rome
51335	dei_dilemma_family_20771	CND_CAMPAIGN	main_rome
51336	dei_dilemma_family_20778	CND_CAMPAIGN	main_rome
51337	dei_dilemma_family_20785	CND_CAMPAIGN	main_rome
51338	dei_dilemma_family_20792	CND_CAMPAIGN	main_rome
51339	dei_dilemma_family_20799	CND_CAMPAIGN	main_rome
51340	dei_dilemma_family_20806	CND_CAMPAIGN	main_rome
51341	dei_dilemma_family_20813	CND_CAMPAIGN	main_rome
51342	dei_dilemma_family_20820	CND_CAMPAIGN	main_rome
51343	dei_dilemma_family_20827	CND_CAMPAIGN	main_rome
51344	dei_dilemma_family_20834	CND_CAMPAIGN	main_rome
51345	dei_dilemma_family_20841	CND_CAMPAIGN	main_rome
51346	dei_dilemma_family_20848	CND_CAMPAIGN	main_rome
51347	dei_dilemma_family_20855	CND_CAMPAIGN	main_rome
51348	dei_dilemma_family_20862	CND_CAMPAIGN	main_rome
51349	dei_dilemma_family_20869	CND_CAMPAIGN	main_rome
51350	dei_dilemma_family_20876	CND_CAMPAIGN	main_rome
51351	dei_dilemma_family_20883	CND_CAMPAIGN	main_rome
51352	dei_dilemma_family_20890	CND_CAMPAIGN	main_rome
51353	dei_dilemma_family_20897	CND_CAMPAIGN	main_rome
51354	dei_dilemma_family_20904	CND_CAMPAIGN	main_rome
51355	dei_dilemma_family_20911	CND_CAMPAIGN	main_rome
51356	dei_dilemma_family_20918	CND_CAMPAIGN	main_rome
51357	dei_dilemma_family_20925	CND_CAMPAIGN	main_rome
51358	dei_dilemma_family_20932	CND_CAMPAIGN	main_rome
51359	dei_dilemma_family_20939	CND_CAMPAIGN	main_rome
51360	dei_dilemma_family_20946	CND_CAMPAIGN	main_rome
51361	dei_dilemma_family_20953	CND_CAMPAIGN	main_rome
51362	dei_dilemma_family_20960	CND_CAMPAIGN	main_rome
51363	dei_dilemma_family_20967	CND_CAMPAIGN	main_rome
51364	dei_dilemma_family_20974	CND_CAMPAIGN	main_rome
51365	dei_dilemma_family_20981	CND_CAMPAIGN	main_rome
51366	dei_dilemma_family_20988	CND_CAMPAIGN	main_rome
51367	dei_dilemma_family_20995	CND_CAMPAIGN	main_rome
51368	dei_dilemma_family_21002	CND_CAMPAIGN	main_rome
51369	dei_dilemma_family_21009	CND_CAMPAIGN	main_rome
51370	dei_dilemma_family_21016	CND_CAMPAIGN	main_rome
51371	dei_dilemma_family_21023	CND_CAMPAIGN	main_rome
51372	dei_dilemma_family_21030	CND_CAMPAIGN	main_rome
51373	dei_dilemma_family_21037	CND_CAMPAIGN	main_rome
51374	dei_dilemma_family_21044	CND_CAMPAIGN	main_rome
51375	dei_dilemma_family_21051	CND_CAMPAIGN	main_rome
51376	dei_dilemma_family_21058	CND_CAMPAIGN	main_rome
51377	dei_dilemma_family_21065	CND_CAMPAIGN	main_rome
51378	dei_dilemma_family_21072	CND_CAMPAIGN	main_rome
51379	dei_dilemma_family_21079	CND_CAMPAIGN	main_rome
51380	dei_dilemma_family_21086	CND_CAMPAIGN	main_rome
51381	dei_dilemma_family_21093	CND_CAMPAIGN	main_rome
51382	dei_dilemma_family_21100	CND_CAMPAIGN	main_rome
51383	dei_dilemma_family_21107	CND_CAMPAIGN	main_rome
51384	dei_dilemma_family_21114	CND_CAMPAIGN	main_rome
51385	dei_dilemma_family_21121	CND_CAMPAIGN	main_rome
51386	dei_dilemma_family_21128	CND_CAMPAIGN	main_rome
51387	dei_dilemma_family_21135	CND_CAMPAIGN	main_rome
51388	dei_dilemma_family_21142	CND_CAMPAIGN	main_rome
51389	dei_dilemma_family_21149	CND_CAMPAIGN	main_rome
51390	dei_dilemma_family_21156	CND_CAMPAIGN	main_rome
51391	dei_dilemma_family_21163	CND_CAMPAIGN	main_rome
51392	dei_dilemma_family_21170	CND_CAMPAIGN	main_rome
51393	dei_dilemma_family_21177	CND_CAMPAIGN	main_rome
51394	dei_dilemma_family_21184	CND_CAMPAIGN	main_rome
51395	dei_dilemma_family_21191	CND_CAMPAIGN	main_rome
51396	dei_dilemma_family_21198	CND_CAMPAIGN	main_rome
51397	dei_dilemma_family_21205	CND_CAMPAIGN	main_rome
51398	dei_dilemma_family_21212	CND_CAMPAIGN	main_rome
51399	dei_dilemma_family_21219	CND_CAMPAIGN	main_rome
51400	dei_dilemma_family_21226	CND_CAMPAIGN	main_rome
51401	dei_dilemma_family_21233	CND_CAMPAIGN	main_rome
51402	dei_dilemma_family_21240	CND_CAMPAIGN	main_rome
51403	dei_dilemma_family_21247	CND_CAMPAIGN	main_rome
51404	dei_dilemma_family_21254	CND_CAMPAIGN	main_rome
51405	dei_dilemma_family_21261	CND_CAMPAIGN	main_rome
51406	dei_dilemma_family_21268	CND_CAMPAIGN	main_rome
51407	dei_dilemma_family_21275	CND_CAMPAIGN	main_rome
51408	dei_dilemma_family_21282	CND_CAMPAIGN	main_rome
51409	dei_dilemma_family_21289	CND_CAMPAIGN	main_rome
51410	dei_dilemma_family_21296	CND_CAMPAIGN	main_rome
51411	dei_dilemma_family_21303	CND_CAMPAIGN	main_rome
51412	dei_dilemma_family_21310	CND_CAMPAIGN	main_rome
51413	dei_dilemma_family_21317	CND_CAMPAIGN	main_rome
51414	dei_dilemma_family_21324	CND_CAMPAIGN	main_rome
51415	dei_dilemma_family_21331	CND_CAMPAIGN	main_rome
51416	dei_dilemma_family_21338	CND_CAMPAIGN	main_rome
51417	dei_dilemma_family_21345	CND_CAMPAIGN	main_rome
51418	dei_dilemma_family_21352	CND_CAMPAIGN	main_rome
51419	dei_dilemma_family_21359	CND_CAMPAIGN	main_rome
51420	dei_dilemma_family_21366	CND_CAMPAIGN	main_rome
51421	dei_dilemma_family_21373	CND_CAMPAIGN	main_rome
51422	dei_dilemma_family_21380	CND_CAMPAIGN	main_rome
51423	dei_dilemma_family_21387	CND_CAMPAIGN	main_rome
51424	dei_dilemma_family_21394	CND_CAMPAIGN	main_rome
51425	dei_dilemma_family_21401	CND_CAMPAIGN	main_rome
51426	dei_dilemma_family_21408	CND_CAMPAIGN	main_rome
51427	dei_dilemma_family_21415	CND_CAMPAIGN	main_rome
51428	dei_dilemma_family_21422	CND_CAMPAIGN	main_rome
51429	dei_dilemma_family_21429	CND_CAMPAIGN	main_rome
51430	dei_dilemma_family_21436	CND_CAMPAIGN	main_rome
51431	dei_dilemma_family_21443	CND_CAMPAIGN	main_rome
51432	dei_dilemma_family_21450	CND_CAMPAIGN	main_rome
51433	dei_dilemma_family_21457	CND_CAMPAIGN	main_rome
51434	dei_dilemma_family_21464	CND_CAMPAIGN	main_rome
51435	dei_dilemma_family_21471	CND_CAMPAIGN	main_rome
51436	dei_dilemma_family_21478	CND_CAMPAIGN	main_rome
51437	dei_dilemma_family_21485	CND_CAMPAIGN	main_rome
51438	dei_dilemma_family_21492	CND_CAMPAIGN	main_rome
51439	dei_dilemma_family_21499	CND_CAMPAIGN	main_rome
51440	dei_dilemma_family_21506	CND_CAMPAIGN	main_rome
51441	dei_dilemma_family_21513	CND_CAMPAIGN	main_rome
51442	dei_dilemma_family_21520	CND_CAMPAIGN	main_rome
51443	dei_dilemma_family_21527	CND_CAMPAIGN	main_rome
51444	dei_dilemma_family_21534	CND_CAMPAIGN	main_rome
51445	dei_dilemma_family_21541	CND_CAMPAIGN	main_rome
51446	dei_dilemma_family_21548	CND_CAMPAIGN	main_rome
51447	dei_dilemma_family_21555	CND_CAMPAIGN	main_rome
51448	dei_dilemma_family_21562	CND_CAMPAIGN	main_rome
51449	dei_dilemma_family_21569	CND_CAMPAIGN	main_rome
51450	dei_dilemma_family_20001	GEN_TARGET_NONE	
51451	dei_dilemma_family_20008	GEN_TARGET_NONE	
51452	dei_dilemma_family_20015	GEN_TARGET_NONE	
51453	dei_dilemma_family_20022	GEN_TARGET_NONE	
51454	dei_dilemma_family_20029	GEN_TARGET_NONE	
51455	dei_dilemma_family_20036	GEN_TARGET_NONE	
51456	dei_dilemma_family_20043	GEN_TARGET_NONE	
51457	dei_dilemma_family_20050	GEN_TARGET_NONE	
51458	dei_dilemma_family_20057	GEN_TARGET_NONE	
51459	dei_dilemma_family_20064	GEN_TARGET_NONE	
51460	dei_dilemma_family_20071	GEN_TARGET_NONE	
51461	dei_dilemma_family_20078	GEN_TARGET_NONE	
51462	dei_dilemma_family_20085	GEN_TARGET_NONE	
51463	dei_dilemma_family_20092	GEN_TARGET_NONE	
51464	dei_dilemma_family_20099	GEN_TARGET_NONE	
51465	dei_dilemma_family_20106	GEN_TARGET_NONE	
51466	dei_dilemma_family_20113	GEN_TARGET_NONE	
51467	dei_dilemma_family_20120	GEN_TARGET_NONE	
51468	dei_dilemma_family_20127	GEN_TARGET_NONE	
51469	dei_dilemma_family_20134	GEN_TARGET_NONE	
51470	dei_dilemma_family_20141	GEN_TARGET_NONE	
51471	dei_dilemma_family_20148	GEN_TARGET_NONE	
51472	dei_dilemma_family_20155	GEN_TARGET_NONE	
51473	dei_dilemma_family_20162	GEN_TARGET_NONE	
51474	dei_dilemma_family_20169	GEN_TARGET_NONE	
51475	dei_dilemma_family_20176	GEN_TARGET_NONE	
51476	dei_dilemma_family_20183	GEN_TARGET_NONE	
51477	dei_dilemma_family_20190	GEN_TARGET_NONE	
51478	dei_dilemma_family_20197	GEN_TARGET_NONE	
51479	dei_dilemma_family_20204	GEN_TARGET_NONE	
51480	dei_dilemma_family_20211	GEN_TARGET_NONE	
51481	dei_dilemma_family_20218	GEN_TARGET_NONE	
51482	dei_dilemma_family_20225	GEN_TARGET_NONE	
51483	dei_dilemma_family_20232	GEN_TARGET_NONE	
51484	dei_dilemma_family_20239	GEN_TARGET_NONE	
51485	dei_dilemma_family_20246	GEN_TARGET_NONE	
51486	dei_dilemma_family_20253	GEN_TARGET_NONE	
51487	dei_dilemma_family_20260	GEN_TARGET_NONE	
51488	dei_dilemma_family_20267	GEN_TARGET_NONE	
51489	dei_dilemma_family_20274	GEN_TARGET_NONE	
51490	dei_dilemma_family_20281	GEN_TARGET_NONE	
51491	dei_dilemma_family_20288	GEN_TARGET_NONE	
51492	dei_dilemma_family_20295	GEN_TARGET_NONE	
51493	dei_dilemma_family_20302	GEN_TARGET_NONE	
51494	dei_dilemma_family_20309	GEN_TARGET_NONE	
51495	dei_dilemma_family_20316	GEN_TARGET_NONE	
51496	dei_dilemma_family_20323	GEN_TARGET_NONE	
51497	dei_dilemma_family_20330	GEN_TARGET_NONE	
51498	dei_dilemma_family_20337	GEN_TARGET_NONE	
51499	dei_dilemma_family_20344	GEN_TARGET_NONE	
51500	dei_dilemma_family_20351	GEN_TARGET_NONE	
51501	dei_dilemma_family_20358	GEN_TARGET_NONE	
51502	dei_dilemma_family_20365	GEN_TARGET_NONE	
51503	dei_dilemma_family_20372	GEN_TARGET_NONE	
51504	dei_dilemma_family_20379	GEN_TARGET_NONE	
51505	dei_dilemma_family_20386	GEN_TARGET_NONE	
51506	dei_dilemma_family_20393	GEN_TARGET_NONE	
51507	dei_dilemma_family_20400	GEN_TARGET_NONE	
51508	dei_dilemma_family_20407	GEN_TARGET_NONE	
51509	dei_dilemma_family_20414	GEN_TARGET_NONE	
51510	dei_dilemma_family_20421	GEN_TARGET_NONE	
51511	dei_dilemma_family_20428	GEN_TARGET_NONE	
51512	dei_dilemma_family_20435	GEN_TARGET_NONE	
51513	dei_dilemma_family_20442	GEN_TARGET_NONE	
51514	dei_dilemma_family_20449	GEN_TARGET_NONE	
51515	dei_dilemma_family_20456	GEN_TARGET_NONE	
51516	dei_dilemma_family_20463	GEN_TARGET_NONE	
51517	dei_dilemma_family_20470	GEN_TARGET_NONE	
51518	dei_dilemma_family_20477	GEN_TARGET_NONE	
51519	dei_dilemma_family_20484	GEN_TARGET_NONE	
51520	dei_dilemma_family_20491	GEN_TARGET_NONE	
51521	dei_dilemma_family_20498	GEN_TARGET_NONE	
51522	dei_dilemma_family_20505	GEN_TARGET_NONE	
51523	dei_dilemma_family_20512	GEN_TARGET_NONE	
51524	dei_dilemma_family_20519	GEN_TARGET_NONE	
51525	dei_dilemma_family_20526	GEN_TARGET_NONE	
51526	dei_dilemma_family_20533	GEN_TARGET_NONE	
51527	dei_dilemma_family_20540	GEN_TARGET_NONE	
51528	dei_dilemma_family_20547	GEN_TARGET_NONE	
51529	dei_dilemma_family_20554	GEN_TARGET_NONE	
51530	dei_dilemma_family_20561	GEN_TARGET_NONE	
51531	dei_dilemma_family_20568	GEN_TARGET_NONE	
51532	dei_dilemma_family_20575	GEN_TARGET_NONE	
51533	dei_dilemma_family_20582	GEN_TARGET_NONE	
51534	dei_dilemma_family_20589	GEN_TARGET_NONE	
51535	dei_dilemma_family_20596	GEN_TARGET_NONE	
51536	dei_dilemma_family_20603	GEN_TARGET_NONE	
51537	dei_dilemma_family_20610	GEN_TARGET_NONE	
51538	dei_dilemma_family_20617	GEN_TARGET_NONE	
51539	dei_dilemma_family_20624	GEN_TARGET_NONE	
51540	dei_dilemma_family_20631	GEN_TARGET_NONE	
51541	dei_dilemma_family_20638	GEN_TARGET_NONE	
51542	dei_dilemma_family_20645	GEN_TARGET_NONE	
51543	dei_dilemma_family_20652	GEN_TARGET_NONE	
51544	dei_dilemma_family_20659	GEN_TARGET_NONE	
51545	dei_dilemma_family_20666	GEN_TARGET_NONE	
51546	dei_dilemma_family_20673	GEN_TARGET_NONE	
51547	dei_dilemma_family_20680	GEN_TARGET_NONE	
51548	dei_dilemma_family_20687	GEN_TARGET_NONE	
51549	dei_dilemma_family_20694	GEN_TARGET_NONE	
51550	dei_dilemma_family_20701	GEN_TARGET_NONE	
51551	dei_dilemma_family_20708	GEN_TARGET_NONE	
51552	dei_dilemma_family_20715	GEN_TARGET_NONE	
51553	dei_dilemma_family_20722	GEN_TARGET_NONE	
51554	dei_dilemma_family_20729	GEN_TARGET_NONE	
51555	dei_dilemma_family_20736	GEN_TARGET_NONE	
51556	dei_dilemma_family_20743	GEN_TARGET_NONE	
51557	dei_dilemma_family_20750	GEN_TARGET_NONE	
51558	dei_dilemma_family_20757	GEN_TARGET_NONE	
51559	dei_dilemma_family_20764	GEN_TARGET_NONE	
51560	dei_dilemma_family_20771	GEN_TARGET_NONE	
51561	dei_dilemma_family_20778	GEN_TARGET_NONE	
51562	dei_dilemma_family_20785	GEN_TARGET_NONE	
51563	dei_dilemma_family_20792	GEN_TARGET_NONE	
51564	dei_dilemma_family_20799	GEN_TARGET_NONE	
51565	dei_dilemma_family_20806	GEN_TARGET_NONE	
51566	dei_dilemma_family_20813	GEN_TARGET_NONE	
51567	dei_dilemma_family_20820	GEN_TARGET_NONE	
51568	dei_dilemma_family_20827	GEN_TARGET_NONE	
51569	dei_dilemma_family_20834	GEN_TARGET_NONE	
51570	dei_dilemma_family_20841	GEN_TARGET_NONE	
51571	dei_dilemma_family_20848	GEN_TARGET_NONE	
51572	dei_dilemma_family_20855	GEN_TARGET_NONE	
51573	dei_dilemma_family_20862	GEN_TARGET_NONE	
51574	dei_dilemma_family_20869	GEN_TARGET_NONE	
51575	dei_dilemma_family_20876	GEN_TARGET_NONE	
51576	dei_dilemma_family_20883	GEN_TARGET_NONE	
51577	dei_dilemma_family_20890	GEN_TARGET_NONE	
51578	dei_dilemma_family_20897	GEN_TARGET_NONE	
51579	dei_dilemma_family_20904	GEN_TARGET_NONE	
51580	dei_dilemma_family_20911	GEN_TARGET_NONE	
51581	dei_dilemma_family_20918	GEN_TARGET_NONE	
51582	dei_dilemma_family_20925	GEN_TARGET_NONE	
51583	dei_dilemma_family_20932	GEN_TARGET_NONE	
51584	dei_dilemma_family_20939	GEN_TARGET_NONE	
51585	dei_dilemma_family_20946	GEN_TARGET_NONE	
51586	dei_dilemma_family_20953	GEN_TARGET_NONE	
51587	dei_dilemma_family_20960	GEN_TARGET_NONE	
51588	dei_dilemma_family_20967	GEN_TARGET_NONE	
51589	dei_dilemma_family_20974	GEN_TARGET_NONE	
51590	dei_dilemma_family_20981	GEN_TARGET_NONE	
51591	dei_dilemma_family_20988	GEN_TARGET_NONE	
51592	dei_dilemma_family_20995	GEN_TARGET_NONE	
51593	dei_dilemma_family_21002	GEN_TARGET_NONE	
51594	dei_dilemma_family_21009	GEN_TARGET_NONE	
51595	dei_dilemma_family_21016	GEN_TARGET_NONE	
51596	dei_dilemma_family_21023	GEN_TARGET_NONE	
51597	dei_dilemma_family_21030	GEN_TARGET_NONE	
51598	dei_dilemma_family_21037	GEN_TARGET_NONE	
51599	dei_dilemma_family_21044	GEN_TARGET_NONE	
51600	dei_dilemma_family_21051	GEN_TARGET_NONE	
51601	dei_dilemma_family_21058	GEN_TARGET_NONE	
51602	dei_dilemma_family_21065	GEN_TARGET_NONE	
51603	dei_dilemma_family_21072	GEN_TARGET_NONE	
51604	dei_dilemma_family_21079	GEN_TARGET_NONE	
51605	dei_dilemma_family_21086	GEN_TARGET_NONE	
51606	dei_dilemma_family_21093	GEN_TARGET_NONE	
51607	dei_dilemma_family_21100	GEN_TARGET_NONE	
51608	dei_dilemma_family_21107	GEN_TARGET_NONE	
51609	dei_dilemma_family_21114	GEN_TARGET_NONE	
51610	dei_dilemma_family_21121	GEN_TARGET_NONE	
51611	dei_dilemma_family_21128	GEN_TARGET_NONE	
51612	dei_dilemma_family_21135	GEN_TARGET_NONE	
51613	dei_dilemma_family_21142	GEN_TARGET_NONE	
51614	dei_dilemma_family_21149	GEN_TARGET_NONE	
51615	dei_dilemma_family_21156	GEN_TARGET_NONE	
51616	dei_dilemma_family_21163	GEN_TARGET_NONE	
51617	dei_dilemma_family_21170	GEN_TARGET_NONE	
51618	dei_dilemma_family_21177	GEN_TARGET_NONE	
51619	dei_dilemma_family_21184	GEN_TARGET_NONE	
51620	dei_dilemma_family_21191	GEN_TARGET_NONE	
51621	dei_dilemma_family_21198	GEN_TARGET_NONE	
51622	dei_dilemma_family_21205	GEN_TARGET_NONE	
51623	dei_dilemma_family_21212	GEN_TARGET_NONE	
51624	dei_dilemma_family_21219	GEN_TARGET_NONE	
51625	dei_dilemma_family_21226	GEN_TARGET_NONE	
51626	dei_dilemma_family_21233	GEN_TARGET_NONE	
51627	dei_dilemma_family_21240	GEN_TARGET_NONE	
51628	dei_dilemma_family_21247	GEN_TARGET_NONE	
51629	dei_dilemma_family_21254	GEN_TARGET_NONE	
51630	dei_dilemma_family_21261	GEN_TARGET_NONE	
51631	dei_dilemma_family_21268	GEN_TARGET_NONE	
51632	dei_dilemma_family_21275	GEN_TARGET_NONE	
51633	dei_dilemma_family_21282	GEN_TARGET_NONE	
51634	dei_dilemma_family_21289	GEN_TARGET_NONE	
51635	dei_dilemma_family_21296	GEN_TARGET_NONE	
51636	dei_dilemma_family_21303	GEN_TARGET_NONE	
51637	dei_dilemma_family_21310	GEN_TARGET_NONE	
51638	dei_dilemma_family_21317	GEN_TARGET_NONE	
51639	dei_dilemma_family_21324	GEN_TARGET_NONE	
51640	dei_dilemma_family_21331	GEN_TARGET_NONE	
51641	dei_dilemma_family_21338	GEN_TARGET_NONE	
51642	dei_dilemma_family_21345	GEN_TARGET_NONE	
51643	dei_dilemma_family_21352	GEN_TARGET_NONE	
51644	dei_dilemma_family_21359	GEN_TARGET_NONE	
51645	dei_dilemma_family_21366	GEN_TARGET_NONE	
51646	dei_dilemma_family_21373	GEN_TARGET_NONE	
51647	dei_dilemma_family_21380	GEN_TARGET_NONE	
51648	dei_dilemma_family_21387	GEN_TARGET_NONE	
51649	dei_dilemma_family_21394	GEN_TARGET_NONE	
51650	dei_dilemma_family_21401	GEN_TARGET_NONE	
51651	dei_dilemma_family_21408	GEN_TARGET_NONE	
51652	dei_dilemma_family_21415	GEN_TARGET_NONE	
51653	dei_dilemma_family_21422	GEN_TARGET_NONE	
51654	dei_dilemma_family_21429	GEN_TARGET_NONE	
51655	dei_dilemma_family_21436	GEN_TARGET_NONE	
51656	dei_dilemma_family_21443	GEN_TARGET_NONE	
51657	dei_dilemma_family_21450	GEN_TARGET_NONE	
51658	dei_dilemma_family_21457	GEN_TARGET_NONE	
51659	dei_dilemma_family_21464	GEN_TARGET_NONE	
51660	dei_dilemma_family_21471	GEN_TARGET_NONE	
51661	dei_dilemma_family_21478	GEN_TARGET_NONE	
51662	dei_dilemma_family_21485	GEN_TARGET_NONE	
51663	dei_dilemma_family_21492	GEN_TARGET_NONE	
51664	dei_dilemma_family_21499	GEN_TARGET_NONE	
51665	dei_dilemma_family_21506	GEN_TARGET_NONE	
51666	dei_dilemma_family_21513	GEN_TARGET_NONE	
51667	dei_dilemma_family_21520	GEN_TARGET_NONE	
51668	dei_dilemma_family_21527	GEN_TARGET_NONE	
51669	dei_dilemma_family_21534	GEN_TARGET_NONE	
51670	dei_dilemma_family_21541	GEN_TARGET_NONE	
51671	dei_dilemma_family_21548	GEN_TARGET_NONE	
51672	dei_dilemma_family_21555	GEN_TARGET_NONE	
51673	dei_dilemma_family_21562	GEN_TARGET_NONE	
51674	dei_dilemma_family_21569	GEN_TARGET_NONE	
51675	dei_dilemma_family_20001	CND_FIRST_ROUND	64
51676	dei_dilemma_family_20008	CND_FIRST_ROUND	106
51677	dei_dilemma_family_20015	CND_FIRST_ROUND	126
51678	dei_dilemma_family_20022	CND_FIRST_ROUND	182
51679	dei_dilemma_family_20029	CND_FIRST_ROUND	206
51680	dei_dilemma_family_20036	CND_FIRST_ROUND	230
51681	dei_dilemma_family_20043	CND_FIRST_ROUND	246
51682	dei_dilemma_family_20050	CND_FIRST_ROUND	266
51683	dei_dilemma_family_20057	CND_FIRST_ROUND	296
51684	dei_dilemma_family_20064	CND_FIRST_ROUND	316
51685	dei_dilemma_family_20071	CND_FIRST_ROUND	356
51686	dei_dilemma_family_20078	CND_FIRST_ROUND	376
51687	dei_dilemma_family_20085	CND_FIRST_ROUND	396
51688	dei_dilemma_family_20092	CND_FIRST_ROUND	406
51689	dei_dilemma_family_20099	CND_FIRST_ROUND	426
51690	dei_dilemma_family_20106	CND_FIRST_ROUND	64
51691	dei_dilemma_family_20113	CND_FIRST_ROUND	112
51692	dei_dilemma_family_20120	CND_FIRST_ROUND	148
51693	dei_dilemma_family_20127	CND_FIRST_ROUND	196
51694	dei_dilemma_family_20134	CND_FIRST_ROUND	214
51695	dei_dilemma_family_20141	CND_FIRST_ROUND	230
51696	dei_dilemma_family_20148	CND_FIRST_ROUND	266
51697	dei_dilemma_family_20155	CND_FIRST_ROUND	294
51698	dei_dilemma_family_20162	CND_FIRST_ROUND	324
51699	dei_dilemma_family_20169	CND_FIRST_ROUND	336
51700	dei_dilemma_family_20176	CND_FIRST_ROUND	386
51701	dei_dilemma_family_20183	CND_FIRST_ROUND	396
51702	dei_dilemma_family_20190	CND_FIRST_ROUND	454
51703	dei_dilemma_family_20197	CND_FIRST_ROUND	56
51704	dei_dilemma_family_20204	CND_FIRST_ROUND	86
51705	dei_dilemma_family_20211	CND_FIRST_ROUND	116
51706	dei_dilemma_family_20218	CND_FIRST_ROUND	186
51707	dei_dilemma_family_20225	CND_FIRST_ROUND	74
51708	dei_dilemma_family_20232	CND_FIRST_ROUND	160
51709	dei_dilemma_family_20239	CND_FIRST_ROUND	236
51710	dei_dilemma_family_20246	CND_FIRST_ROUND	280
51711	dei_dilemma_family_20253	CND_FIRST_ROUND	36
51712	dei_dilemma_family_20260	CND_FIRST_ROUND	56
51713	dei_dilemma_family_20267	CND_FIRST_ROUND	116
51714	dei_dilemma_family_20274	CND_FIRST_ROUND	56
51715	dei_dilemma_family_20281	CND_FIRST_ROUND	106
51716	dei_dilemma_family_20288	CND_FIRST_ROUND	156
51717	dei_dilemma_family_20295	CND_FIRST_ROUND	206
51718	dei_dilemma_family_20302	CND_FIRST_ROUND	256
51719	dei_dilemma_family_20309	CND_FIRST_ROUND	56
51720	dei_dilemma_family_20316	CND_FIRST_ROUND	106
51721	dei_dilemma_family_20323	CND_FIRST_ROUND	156
51722	dei_dilemma_family_20330	CND_FIRST_ROUND	206
51723	dei_dilemma_family_20337	CND_FIRST_ROUND	256
51724	dei_dilemma_family_20344	CND_FIRST_ROUND	36
51725	dei_dilemma_family_20351	CND_FIRST_ROUND	86
51726	dei_dilemma_family_20358	CND_FIRST_ROUND	106
51727	dei_dilemma_family_20365	CND_FIRST_ROUND	176
51728	dei_dilemma_family_20372	CND_FIRST_ROUND	56
51729	dei_dilemma_family_20379	CND_FIRST_ROUND	106
51730	dei_dilemma_family_20386	CND_FIRST_ROUND	156
51731	dei_dilemma_family_20393	CND_FIRST_ROUND	206
51732	dei_dilemma_family_20400	CND_FIRST_ROUND	256
51733	dei_dilemma_family_20407	CND_FIRST_ROUND	376
51734	dei_dilemma_family_20414	CND_FIRST_ROUND	56
51735	dei_dilemma_family_20421	CND_FIRST_ROUND	106
51736	dei_dilemma_family_20428	CND_FIRST_ROUND	156
51737	dei_dilemma_family_20435	CND_FIRST_ROUND	206
51738	dei_dilemma_family_20442	CND_FIRST_ROUND	256
51739	dei_dilemma_family_20449	CND_FIRST_ROUND	56
51740	dei_dilemma_family_20456	CND_FIRST_ROUND	106
51741	dei_dilemma_family_20463	CND_FIRST_ROUND	156
51742	dei_dilemma_family_20470	CND_FIRST_ROUND	206
51743	dei_dilemma_family_20477	CND_FIRST_ROUND	256
51744	dei_dilemma_family_20484	CND_FIRST_ROUND	56
51745	dei_dilemma_family_20491	CND_FIRST_ROUND	76
51746	dei_dilemma_family_20498	CND_FIRST_ROUND	156
51747	dei_dilemma_family_20505	CND_FIRST_ROUND	206
51748	dei_dilemma_family_20512	CND_FIRST_ROUND	256
51749	dei_dilemma_family_20519	CND_FIRST_ROUND	306
51750	dei_dilemma_family_20526	CND_FIRST_ROUND	56
51751	dei_dilemma_family_20533	CND_FIRST_ROUND	106
51752	dei_dilemma_family_20540	CND_FIRST_ROUND	156
51753	dei_dilemma_family_20547	CND_FIRST_ROUND	206
51754	dei_dilemma_family_20554	CND_FIRST_ROUND	256
51755	dei_dilemma_family_20561	CND_FIRST_ROUND	16
51756	dei_dilemma_family_20568	CND_FIRST_ROUND	56
51757	dei_dilemma_family_20575	CND_FIRST_ROUND	106
51758	dei_dilemma_family_20582	CND_FIRST_ROUND	156
51759	dei_dilemma_family_20589	CND_FIRST_ROUND	56
51760	dei_dilemma_family_20596	CND_FIRST_ROUND	106
51761	dei_dilemma_family_20603	CND_FIRST_ROUND	156
51762	dei_dilemma_family_20610	CND_FIRST_ROUND	206
51763	dei_dilemma_family_20617	CND_FIRST_ROUND	256
51764	dei_dilemma_family_20624	CND_FIRST_ROUND	76
51765	dei_dilemma_family_20631	CND_FIRST_ROUND	156
51766	dei_dilemma_family_20638	CND_FIRST_ROUND	216
51767	dei_dilemma_family_20645	CND_FIRST_ROUND	296
51768	dei_dilemma_family_20652	CND_FIRST_ROUND	56
51769	dei_dilemma_family_20659	CND_FIRST_ROUND	106
51770	dei_dilemma_family_20666	CND_FIRST_ROUND	156
51771	dei_dilemma_family_20673	CND_FIRST_ROUND	206
51772	dei_dilemma_family_20680	CND_FIRST_ROUND	56
51773	dei_dilemma_family_20687	CND_FIRST_ROUND	106
51774	dei_dilemma_family_20694	CND_FIRST_ROUND	156
51775	dei_dilemma_family_20701	CND_FIRST_ROUND	206
51776	dei_dilemma_family_20708	CND_FIRST_ROUND	256
51777	dei_dilemma_family_20715	CND_FIRST_ROUND	56
51778	dei_dilemma_family_20722	CND_FIRST_ROUND	106
51779	dei_dilemma_family_20729	CND_FIRST_ROUND	156
51780	dei_dilemma_family_20736	CND_FIRST_ROUND	206
51781	dei_dilemma_family_20743	CND_FIRST_ROUND	256
51782	dei_dilemma_family_20750	CND_FIRST_ROUND	56
51783	dei_dilemma_family_20757	CND_FIRST_ROUND	106
51784	dei_dilemma_family_20764	CND_FIRST_ROUND	156
51785	dei_dilemma_family_20771	CND_FIRST_ROUND	206
51786	dei_dilemma_family_20778	CND_FIRST_ROUND	256
51787	dei_dilemma_family_20785	CND_FIRST_ROUND	56
51788	dei_dilemma_family_20792	CND_FIRST_ROUND	106
51789	dei_dilemma_family_20799	CND_FIRST_ROUND	156
51790	dei_dilemma_family_20806	CND_FIRST_ROUND	206
51791	dei_dilemma_family_20813	CND_FIRST_ROUND	256
51792	dei_dilemma_family_20820	CND_FIRST_ROUND	56
51793	dei_dilemma_family_20827	CND_FIRST_ROUND	106
51794	dei_dilemma_family_20834	CND_FIRST_ROUND	156
51795	dei_dilemma_family_20841	CND_FIRST_ROUND	206
51796	dei_dilemma_family_20848	CND_FIRST_ROUND	256
51797	dei_dilemma_family_20855	CND_FIRST_ROUND	56
51798	dei_dilemma_family_20862	CND_FIRST_ROUND	106
51799	dei_dilemma_family_20869	CND_FIRST_ROUND	156
51800	dei_dilemma_family_20876	CND_FIRST_ROUND	36
51801	dei_dilemma_family_20883	CND_FIRST_ROUND	86
51802	dei_dilemma_family_20890	CND_FIRST_ROUND	156
51803	dei_dilemma_family_20897	CND_FIRST_ROUND	206
51804	dei_dilemma_family_20904	CND_FIRST_ROUND	256
51805	dei_dilemma_family_20911	CND_FIRST_ROUND	306
51806	dei_dilemma_family_20918	CND_FIRST_ROUND	56
51807	dei_dilemma_family_20925	CND_FIRST_ROUND	106
51808	dei_dilemma_family_20932	CND_FIRST_ROUND	156
51809	dei_dilemma_family_20939	CND_FIRST_ROUND	206
51810	dei_dilemma_family_20946	CND_FIRST_ROUND	256
51811	dei_dilemma_family_20953	CND_FIRST_ROUND	306
51812	dei_dilemma_family_20960	CND_FIRST_ROUND	356
51813	dei_dilemma_family_20967	CND_FIRST_ROUND	16
51814	dei_dilemma_family_20974	CND_FIRST_ROUND	46
51815	dei_dilemma_family_20981	CND_FIRST_ROUND	106
51816	dei_dilemma_family_20988	CND_FIRST_ROUND	156
51817	dei_dilemma_family_20995	CND_FIRST_ROUND	196
51818	dei_dilemma_family_21002	CND_FIRST_ROUND	246
51819	dei_dilemma_family_21009	CND_FIRST_ROUND	306
51820	dei_dilemma_family_21016	CND_FIRST_ROUND	56
51821	dei_dilemma_family_21023	CND_FIRST_ROUND	106
51822	dei_dilemma_family_21030	CND_FIRST_ROUND	156
51823	dei_dilemma_family_21037	CND_FIRST_ROUND	206
51824	dei_dilemma_family_21044	CND_FIRST_ROUND	256
51825	dei_dilemma_family_21051	CND_FIRST_ROUND	56
51826	dei_dilemma_family_21058	CND_FIRST_ROUND	106
51827	dei_dilemma_family_21065	CND_FIRST_ROUND	156
51828	dei_dilemma_family_21072	CND_FIRST_ROUND	206
51829	dei_dilemma_family_21079	CND_FIRST_ROUND	256
51830	dei_dilemma_family_21086	CND_FIRST_ROUND	56
51831	dei_dilemma_family_21093	CND_FIRST_ROUND	106
51832	dei_dilemma_family_21100	CND_FIRST_ROUND	156
51833	dei_dilemma_family_21107	CND_FIRST_ROUND	206
51834	dei_dilemma_family_21114	CND_FIRST_ROUND	256
51835	dei_dilemma_family_21121	CND_FIRST_ROUND	56
51836	dei_dilemma_family_21128	CND_FIRST_ROUND	106
51837	dei_dilemma_family_21135	CND_FIRST_ROUND	156
51838	dei_dilemma_family_21142	CND_FIRST_ROUND	206
51839	dei_dilemma_family_21149	CND_FIRST_ROUND	256
51840	dei_dilemma_family_21156	CND_FIRST_ROUND	56
51841	dei_dilemma_family_21163	CND_FIRST_ROUND	106
51842	dei_dilemma_family_21170	CND_FIRST_ROUND	156
51843	dei_dilemma_family_21177	CND_FIRST_ROUND	206
51844	dei_dilemma_family_21184	CND_FIRST_ROUND	256
51845	dei_dilemma_family_21191	CND_FIRST_ROUND	56
51846	dei_dilemma_family_21198	CND_FIRST_ROUND	106
51847	dei_dilemma_family_21205	CND_FIRST_ROUND	156
51848	dei_dilemma_family_21212	CND_FIRST_ROUND	206
51849	dei_dilemma_family_21219	CND_FIRST_ROUND	256
51850	dei_dilemma_family_21226	CND_FIRST_ROUND	56
51851	dei_dilemma_family_21233	CND_FIRST_ROUND	106
51852	dei_dilemma_family_21240	CND_FIRST_ROUND	156
51853	dei_dilemma_family_21247	CND_FIRST_ROUND	206
51854	dei_dilemma_family_21254	CND_FIRST_ROUND	256
51855	dei_dilemma_family_21261	CND_FIRST_ROUND	56
51856	dei_dilemma_family_21268	CND_FIRST_ROUND	106
51857	dei_dilemma_family_21275	CND_FIRST_ROUND	156
51858	dei_dilemma_family_21282	CND_FIRST_ROUND	206
51859	dei_dilemma_family_21289	CND_FIRST_ROUND	256
51860	dei_dilemma_family_21296	CND_FIRST_ROUND	56
51861	dei_dilemma_family_21303	CND_FIRST_ROUND	106
51862	dei_dilemma_family_21310	CND_FIRST_ROUND	156
51863	dei_dilemma_family_21317	CND_FIRST_ROUND	206
51864	dei_dilemma_family_21324	CND_FIRST_ROUND	256
51865	dei_dilemma_family_21331	CND_FIRST_ROUND	56
51866	dei_dilemma_family_21338	CND_FIRST_ROUND	106
51867	dei_dilemma_family_21345	CND_FIRST_ROUND	156
51868	dei_dilemma_family_21352	CND_FIRST_ROUND	206
51869	dei_dilemma_family_21359	CND_FIRST_ROUND	256
51870	dei_dilemma_family_21366	CND_FIRST_ROUND	56
51871	dei_dilemma_family_21373	CND_FIRST_ROUND	106
51872	dei_dilemma_family_21380	CND_FIRST_ROUND	156
51873	dei_dilemma_family_21387	CND_FIRST_ROUND	206
51874	dei_dilemma_family_21394	CND_FIRST_ROUND	256
51875	dei_dilemma_family_21401	CND_FIRST_ROUND	56
51876	dei_dilemma_family_21408	CND_FIRST_ROUND	106
51877	dei_dilemma_family_21415	CND_FIRST_ROUND	156
51878	dei_dilemma_family_21422	CND_FIRST_ROUND	206
51879	dei_dilemma_family_21429	CND_FIRST_ROUND	256
51880	dei_dilemma_family_21436	CND_FIRST_ROUND	56
51881	dei_dilemma_family_21443	CND_FIRST_ROUND	106
51882	dei_dilemma_family_21450	CND_FIRST_ROUND	156
51883	dei_dilemma_family_21457	CND_FIRST_ROUND	206
51884	dei_dilemma_family_21464	CND_FIRST_ROUND	256
51885	dei_dilemma_family_21471	CND_FIRST_ROUND	56
51886	dei_dilemma_family_21478	CND_FIRST_ROUND	106
51887	dei_dilemma_family_21485	CND_FIRST_ROUND	156
51888	dei_dilemma_family_21492	CND_FIRST_ROUND	206
51889	dei_dilemma_family_21499	CND_FIRST_ROUND	256
51890	dei_dilemma_family_21506	CND_FIRST_ROUND	56
51891	dei_dilemma_family_21513	CND_FIRST_ROUND	106
51892	dei_dilemma_family_21520	CND_FIRST_ROUND	156
51893	dei_dilemma_family_21527	CND_FIRST_ROUND	206
51894	dei_dilemma_family_21534	CND_FIRST_ROUND	256
51895	dei_dilemma_family_21541	CND_FIRST_ROUND	56
51896	dei_dilemma_family_21548	CND_FIRST_ROUND	106
51897	dei_dilemma_family_21555	CND_FIRST_ROUND	156
51898	dei_dilemma_family_21562	CND_FIRST_ROUND	206
51899	dei_dilemma_family_21569	CND_FIRST_ROUND	256
51900	dei_dilemma_family_20001	CND_LAST_ROUND	64
51901	dei_dilemma_family_20008	CND_LAST_ROUND	106
51902	dei_dilemma_family_20015	CND_LAST_ROUND	126
51903	dei_dilemma_family_20022	CND_LAST_ROUND	182
51904	dei_dilemma_family_20029	CND_LAST_ROUND	206
51905	dei_dilemma_family_20036	CND_LAST_ROUND	230
51906	dei_dilemma_family_20043	CND_LAST_ROUND	246
51907	dei_dilemma_family_20050	CND_LAST_ROUND	266
51908	dei_dilemma_family_20057	CND_LAST_ROUND	296
51909	dei_dilemma_family_20064	CND_LAST_ROUND	316
51910	dei_dilemma_family_20071	CND_LAST_ROUND	356
51911	dei_dilemma_family_20078	CND_LAST_ROUND	376
51912	dei_dilemma_family_20085	CND_LAST_ROUND	396
51913	dei_dilemma_family_20092	CND_LAST_ROUND	406
51914	dei_dilemma_family_20099	CND_LAST_ROUND	426
51915	dei_dilemma_family_20106	CND_LAST_ROUND	64
51916	dei_dilemma_family_20113	CND_LAST_ROUND	112
51917	dei_dilemma_family_20120	CND_LAST_ROUND	148
51918	dei_dilemma_family_20127	CND_LAST_ROUND	196
51919	dei_dilemma_family_20134	CND_LAST_ROUND	214
51920	dei_dilemma_family_20141	CND_LAST_ROUND	230
51921	dei_dilemma_family_20148	CND_LAST_ROUND	266
51922	dei_dilemma_family_20155	CND_LAST_ROUND	294
51923	dei_dilemma_family_20162	CND_LAST_ROUND	324
51924	dei_dilemma_family_20169	CND_LAST_ROUND	336
51925	dei_dilemma_family_20176	CND_LAST_ROUND	386
51926	dei_dilemma_family_20183	CND_LAST_ROUND	396
51927	dei_dilemma_family_20190	CND_LAST_ROUND	454
51928	dei_dilemma_family_20197	CND_LAST_ROUND	56
51929	dei_dilemma_family_20204	CND_LAST_ROUND	86
51930	dei_dilemma_family_20211	CND_LAST_ROUND	116
51931	dei_dilemma_family_20218	CND_LAST_ROUND	186
51932	dei_dilemma_family_20225	CND_LAST_ROUND	74
51933	dei_dilemma_family_20232	CND_LAST_ROUND	160
51934	dei_dilemma_family_20239	CND_LAST_ROUND	236
51935	dei_dilemma_family_20246	CND_LAST_ROUND	280
51936	dei_dilemma_family_20253	CND_LAST_ROUND	36
51937	dei_dilemma_family_20260	CND_LAST_ROUND	56
51938	dei_dilemma_family_20267	CND_LAST_ROUND	116
51939	dei_dilemma_family_20274	CND_LAST_ROUND	56
51940	dei_dilemma_family_20281	CND_LAST_ROUND	106
51941	dei_dilemma_family_20288	CND_LAST_ROUND	156
51942	dei_dilemma_family_20295	CND_LAST_ROUND	206
51943	dei_dilemma_family_20302	CND_LAST_ROUND	256
51944	dei_dilemma_family_20309	CND_LAST_ROUND	56
51945	dei_dilemma_family_20316	CND_LAST_ROUND	106
51946	dei_dilemma_family_20323	CND_LAST_ROUND	156
51947	dei_dilemma_family_20330	CND_LAST_ROUND	206
51948	dei_dilemma_family_20337	CND_LAST_ROUND	256
51949	dei_dilemma_family_20344	CND_LAST_ROUND	36
51950	dei_dilemma_family_20351	CND_LAST_ROUND	86
51951	dei_dilemma_family_20358	CND_LAST_ROUND	106
51952	dei_dilemma_family_20365	CND_LAST_ROUND	176
51953	dei_dilemma_family_20372	CND_LAST_ROUND	56
51954	dei_dilemma_family_20379	CND_LAST_ROUND	106
51955	dei_dilemma_family_20386	CND_LAST_ROUND	156
51956	dei_dilemma_family_20393	CND_LAST_ROUND	206
51957	dei_dilemma_family_20400	CND_LAST_ROUND	256
51958	dei_dilemma_family_20407	CND_LAST_ROUND	376
51959	dei_dilemma_family_20414	CND_LAST_ROUND	56
51960	dei_dilemma_family_20421	CND_LAST_ROUND	106
51961	dei_dilemma_family_20428	CND_LAST_ROUND	156
51962	dei_dilemma_family_20435	CND_LAST_ROUND	206
51963	dei_dilemma_family_20442	CND_LAST_ROUND	256
51964	dei_dilemma_family_20449	CND_LAST_ROUND	56
51965	dei_dilemma_family_20456	CND_LAST_ROUND	106
51966	dei_dilemma_family_20463	CND_LAST_ROUND	156
51967	dei_dilemma_family_20470	CND_LAST_ROUND	206
51968	dei_dilemma_family_20477	CND_LAST_ROUND	256
51969	dei_dilemma_family_20484	CND_LAST_ROUND	56
51970	dei_dilemma_family_20491	CND_LAST_ROUND	76
51971	dei_dilemma_family_20498	CND_LAST_ROUND	156
51972	dei_dilemma_family_20505	CND_LAST_ROUND	206
51973	dei_dilemma_family_20512	CND_LAST_ROUND	256
51974	dei_dilemma_family_20519	CND_LAST_ROUND	306
51975	dei_dilemma_family_20526	CND_LAST_ROUND	56
51976	dei_dilemma_family_20533	CND_LAST_ROUND	106
51977	dei_dilemma_family_20540	CND_LAST_ROUND	156
51978	dei_dilemma_family_20547	CND_LAST_ROUND	206
51979	dei_dilemma_family_20554	CND_LAST_ROUND	256
51980	dei_dilemma_family_20561	CND_LAST_ROUND	16
51981	dei_dilemma_family_20568	CND_LAST_ROUND	56
51982	dei_dilemma_family_20575	CND_LAST_ROUND	106
51983	dei_dilemma_family_20582	CND_LAST_ROUND	156
51984	dei_dilemma_family_20589	CND_LAST_ROUND	56
51985	dei_dilemma_family_20596	CND_LAST_ROUND	106
51986	dei_dilemma_family_20603	CND_LAST_ROUND	156
51987	dei_dilemma_family_20610	CND_LAST_ROUND	206
51988	dei_dilemma_family_20617	CND_LAST_ROUND	256
51989	dei_dilemma_family_20624	CND_LAST_ROUND	76
51990	dei_dilemma_family_20631	CND_LAST_ROUND	156
51991	dei_dilemma_family_20638	CND_LAST_ROUND	216
51992	dei_dilemma_family_20645	CND_LAST_ROUND	296
51993	dei_dilemma_family_20652	CND_LAST_ROUND	56
51994	dei_dilemma_family_20659	CND_LAST_ROUND	106
51995	dei_dilemma_family_20666	CND_LAST_ROUND	156
51996	dei_dilemma_family_20673	CND_LAST_ROUND	206
51997	dei_dilemma_family_20680	CND_LAST_ROUND	56
51998	dei_dilemma_family_20687	CND_LAST_ROUND	106
51999	dei_dilemma_family_20694	CND_LAST_ROUND	156
52000	dei_dilemma_family_20701	CND_LAST_ROUND	206
52001	dei_dilemma_family_20708	CND_LAST_ROUND	256
52002	dei_dilemma_family_20715	CND_LAST_ROUND	56
52003	dei_dilemma_family_20722	CND_LAST_ROUND	106
52004	dei_dilemma_family_20729	CND_LAST_ROUND	156
52005	dei_dilemma_family_20736	CND_LAST_ROUND	206
52006	dei_dilemma_family_20743	CND_LAST_ROUND	256
52007	dei_dilemma_family_20750	CND_LAST_ROUND	56
52008	dei_dilemma_family_20757	CND_LAST_ROUND	106
52009	dei_dilemma_family_20764	CND_LAST_ROUND	156
52010	dei_dilemma_family_20771	CND_LAST_ROUND	206
52011	dei_dilemma_family_20778	CND_LAST_ROUND	256
52012	dei_dilemma_family_20785	CND_LAST_ROUND	56
52013	dei_dilemma_family_20792	CND_LAST_ROUND	106
52014	dei_dilemma_family_20799	CND_LAST_ROUND	156
52015	dei_dilemma_family_20806	CND_LAST_ROUND	206
52016	dei_dilemma_family_20813	CND_LAST_ROUND	256
52017	dei_dilemma_family_20820	CND_LAST_ROUND	56
52018	dei_dilemma_family_20827	CND_LAST_ROUND	106
52019	dei_dilemma_family_20834	CND_LAST_ROUND	156
52020	dei_dilemma_family_20841	CND_LAST_ROUND	206
52021	dei_dilemma_family_20848	CND_LAST_ROUND	256
52022	dei_dilemma_family_20855	CND_LAST_ROUND	56
52023	dei_dilemma_family_20862	CND_LAST_ROUND	106
52024	dei_dilemma_family_20869	CND_LAST_ROUND	156
52025	dei_dilemma_family_20876	CND_LAST_ROUND	36
52026	dei_dilemma_family_20883	CND_LAST_ROUND	86
52027	dei_dilemma_family_20890	CND_LAST_ROUND	156
52028	dei_dilemma_family_20897	CND_LAST_ROUND	206
52029	dei_dilemma_family_20904	CND_LAST_ROUND	256
52030	dei_dilemma_family_20911	CND_LAST_ROUND	306
52031	dei_dilemma_family_20918	CND_LAST_ROUND	56
52032	dei_dilemma_family_20925	CND_LAST_ROUND	106
52033	dei_dilemma_family_20932	CND_LAST_ROUND	156
52034	dei_dilemma_family_20939	CND_LAST_ROUND	206
52035	dei_dilemma_family_20946	CND_LAST_ROUND	256
52036	dei_dilemma_family_20953	CND_LAST_ROUND	306
52037	dei_dilemma_family_20960	CND_LAST_ROUND	356
52038	dei_dilemma_family_20967	CND_LAST_ROUND	16
52039	dei_dilemma_family_20974	CND_LAST_ROUND	46
52040	dei_dilemma_family_20981	CND_LAST_ROUND	106
52041	dei_dilemma_family_20988	CND_LAST_ROUND	156
52042	dei_dilemma_family_20995	CND_LAST_ROUND	196
52043	dei_dilemma_family_21002	CND_LAST_ROUND	246
52044	dei_dilemma_family_21009	CND_LAST_ROUND	306
52045	dei_dilemma_family_21016	CND_LAST_ROUND	56
52046	dei_dilemma_family_21023	CND_LAST_ROUND	106
52047	dei_dilemma_family_21030	CND_LAST_ROUND	156
52048	dei_dilemma_family_21037	CND_LAST_ROUND	206
52049	dei_dilemma_family_21044	CND_LAST_ROUND	256
52050	dei_dilemma_family_21051	CND_LAST_ROUND	56
52051	dei_dilemma_family_21058	CND_LAST_ROUND	106
52052	dei_dilemma_family_21065	CND_LAST_ROUND	156
52053	dei_dilemma_family_21072	CND_LAST_ROUND	206
52054	dei_dilemma_family_21079	CND_LAST_ROUND	256
52055	dei_dilemma_family_21086	CND_LAST_ROUND	56
52056	dei_dilemma_family_21093	CND_LAST_ROUND	106
52057	dei_dilemma_family_21100	CND_LAST_ROUND	156
52058	dei_dilemma_family_21107	CND_LAST_ROUND	206
52059	dei_dilemma_family_21114	CND_LAST_ROUND	256
52060	dei_dilemma_family_21121	CND_LAST_ROUND	56
52061	dei_dilemma_family_21128	CND_LAST_ROUND	106
52062	dei_dilemma_family_21135	CND_LAST_ROUND	156
52063	dei_dilemma_family_21142	CND_LAST_ROUND	206
52064	dei_dilemma_family_21149	CND_LAST_ROUND	256
52065	dei_dilemma_family_21156	CND_LAST_ROUND	56
52066	dei_dilemma_family_21163	CND_LAST_ROUND	106
52067	dei_dilemma_family_21170	CND_LAST_ROUND	156
52068	dei_dilemma_family_21177	CND_LAST_ROUND	206
52069	dei_dilemma_family_21184	CND_LAST_ROUND	256
52070	dei_dilemma_family_21191	CND_LAST_ROUND	56
52071	dei_dilemma_family_21198	CND_LAST_ROUND	106
52072	dei_dilemma_family_21205	CND_LAST_ROUND	156
52073	dei_dilemma_family_21212	CND_LAST_ROUND	206
52074	dei_dilemma_family_21219	CND_LAST_ROUND	256
52075	dei_dilemma_family_21226	CND_LAST_ROUND	56
52076	dei_dilemma_family_21233	CND_LAST_ROUND	106
52077	dei_dilemma_family_21240	CND_LAST_ROUND	156
52078	dei_dilemma_family_21247	CND_LAST_ROUND	206
52079	dei_dilemma_family_21254	CND_LAST_ROUND	256
52080	dei_dilemma_family_21261	CND_LAST_ROUND	56
52081	dei_dilemma_family_21268	CND_LAST_ROUND	106
52082	dei_dilemma_family_21275	CND_LAST_ROUND	156
52083	dei_dilemma_family_21282	CND_LAST_ROUND	206
52084	dei_dilemma_family_21289	CND_LAST_ROUND	256
52085	dei_dilemma_family_21296	CND_LAST_ROUND	56
52086	dei_dilemma_family_21303	CND_LAST_ROUND	106
52087	dei_dilemma_family_21310	CND_LAST_ROUND	156
52088	dei_dilemma_family_21317	CND_LAST_ROUND	206
52089	dei_dilemma_family_21324	CND_LAST_ROUND	256
52090	dei_dilemma_family_21331	CND_LAST_ROUND	56
52091	dei_dilemma_family_21338	CND_LAST_ROUND	106
52092	dei_dilemma_family_21345	CND_LAST_ROUND	156
52093	dei_dilemma_family_21352	CND_LAST_ROUND	206
52094	dei_dilemma_family_21359	CND_LAST_ROUND	256
52095	dei_dilemma_family_21366	CND_LAST_ROUND	56
52096	dei_dilemma_family_21373	CND_LAST_ROUND	106
52097	dei_dilemma_family_21380	CND_LAST_ROUND	156
52098	dei_dilemma_family_21387	CND_LAST_ROUND	206
52099	dei_dilemma_family_21394	CND_LAST_ROUND	256
52100	dei_dilemma_family_21401	CND_LAST_ROUND	56
52101	dei_dilemma_family_21408	CND_LAST_ROUND	106
52102	dei_dilemma_family_21415	CND_LAST_ROUND	156
52103	dei_dilemma_family_21422	CND_LAST_ROUND	206
52104	dei_dilemma_family_21429	CND_LAST_ROUND	256
52105	dei_dilemma_family_21436	CND_LAST_ROUND	56
52106	dei_dilemma_family_21443	CND_LAST_ROUND	106
52107	dei_dilemma_family_21450	CND_LAST_ROUND	156
52108	dei_dilemma_family_21457	CND_LAST_ROUND	206
52109	dei_dilemma_family_21464	CND_LAST_ROUND	256
52110	dei_dilemma_family_21471	CND_LAST_ROUND	56
52111	dei_dilemma_family_21478	CND_LAST_ROUND	106
52112	dei_dilemma_family_21485	CND_LAST_ROUND	156
52113	dei_dilemma_family_21492	CND_LAST_ROUND	206
52114	dei_dilemma_family_21499	CND_LAST_ROUND	256
52115	dei_dilemma_family_21506	CND_LAST_ROUND	56
52116	dei_dilemma_family_21513	CND_LAST_ROUND	106
52117	dei_dilemma_family_21520	CND_LAST_ROUND	156
52118	dei_dilemma_family_21527	CND_LAST_ROUND	206
52119	dei_dilemma_family_21534	CND_LAST_ROUND	256
52120	dei_dilemma_family_21541	CND_LAST_ROUND	56
52121	dei_dilemma_family_21548	CND_LAST_ROUND	106
52122	dei_dilemma_family_21555	CND_LAST_ROUND	156
52123	dei_dilemma_family_21562	CND_LAST_ROUND	206
52124	dei_dilemma_family_21569	CND_LAST_ROUND	256
52125	dei_dilemma_family_20001	VAR_CHANCE	0
52126	dei_dilemma_family_20008	VAR_CHANCE	100
52127	dei_dilemma_family_20015	VAR_CHANCE	100
52128	dei_dilemma_family_20022	VAR_CHANCE	100
52129	dei_dilemma_family_20029	VAR_CHANCE	100
52130	dei_dilemma_family_20036	VAR_CHANCE	100
52131	dei_dilemma_family_20043	VAR_CHANCE	100
52132	dei_dilemma_family_20050	VAR_CHANCE	100
52133	dei_dilemma_family_20057	VAR_CHANCE	100
52134	dei_dilemma_family_20064	VAR_CHANCE	100
52135	dei_dilemma_family_20071	VAR_CHANCE	100
52136	dei_dilemma_family_20078	VAR_CHANCE	100
52137	dei_dilemma_family_20085	VAR_CHANCE	100
52138	dei_dilemma_family_20092	VAR_CHANCE	100
52139	dei_dilemma_family_20099	VAR_CHANCE	100
52140	dei_dilemma_family_20106	VAR_CHANCE	0
52141	dei_dilemma_family_20113	VAR_CHANCE	100
52142	dei_dilemma_family_20120	VAR_CHANCE	100
52143	dei_dilemma_family_20127	VAR_CHANCE	100
52144	dei_dilemma_family_20134	VAR_CHANCE	100
52145	dei_dilemma_family_20141	VAR_CHANCE	0
52146	dei_dilemma_family_20148	VAR_CHANCE	100
52147	dei_dilemma_family_20155	VAR_CHANCE	0
52148	dei_dilemma_family_20162	VAR_CHANCE	100
52149	dei_dilemma_family_20169	VAR_CHANCE	100
52150	dei_dilemma_family_20176	VAR_CHANCE	0
52151	dei_dilemma_family_20183	VAR_CHANCE	100
52152	dei_dilemma_family_20190	VAR_CHANCE	100
52153	dei_dilemma_family_20197	VAR_CHANCE	0
52154	dei_dilemma_family_20204	VAR_CHANCE	100
52155	dei_dilemma_family_20211	VAR_CHANCE	100
52156	dei_dilemma_family_20218	VAR_CHANCE	100
52157	dei_dilemma_family_20225	VAR_CHANCE	0
52158	dei_dilemma_family_20232	VAR_CHANCE	0
52159	dei_dilemma_family_20239	VAR_CHANCE	100
52160	dei_dilemma_family_20246	VAR_CHANCE	100
52161	dei_dilemma_family_20253	VAR_CHANCE	100
52162	dei_dilemma_family_20260	VAR_CHANCE	100
52163	dei_dilemma_family_20267	VAR_CHANCE	100
52164	dei_dilemma_family_20274	VAR_CHANCE	0
52165	dei_dilemma_family_20281	VAR_CHANCE	0
52166	dei_dilemma_family_20288	VAR_CHANCE	100
52167	dei_dilemma_family_20295	VAR_CHANCE	100
52168	dei_dilemma_family_20302	VAR_CHANCE	100
52169	dei_dilemma_family_20309	VAR_CHANCE	100
52170	dei_dilemma_family_20316	VAR_CHANCE	100
52171	dei_dilemma_family_20323	VAR_CHANCE	100
52172	dei_dilemma_family_20330	VAR_CHANCE	100
52173	dei_dilemma_family_20337	VAR_CHANCE	100
52174	dei_dilemma_family_20344	VAR_CHANCE	100
52175	dei_dilemma_family_20351	VAR_CHANCE	100
52176	dei_dilemma_family_20358	VAR_CHANCE	100
52177	dei_dilemma_family_20365	VAR_CHANCE	100
52178	dei_dilemma_family_20372	VAR_CHANCE	100
52179	dei_dilemma_family_20379	VAR_CHANCE	100
52180	dei_dilemma_family_20386	VAR_CHANCE	100
52181	dei_dilemma_family_20393	VAR_CHANCE	100
52182	dei_dilemma_family_20400	VAR_CHANCE	100
52183	dei_dilemma_family_20407	VAR_CHANCE	100
52184	dei_dilemma_family_20414	VAR_CHANCE	100
52185	dei_dilemma_family_20421	VAR_CHANCE	100
52186	dei_dilemma_family_20428	VAR_CHANCE	100
52187	dei_dilemma_family_20435	VAR_CHANCE	100
52188	dei_dilemma_family_20442	VAR_CHANCE	100
52189	dei_dilemma_family_20449	VAR_CHANCE	0
52190	dei_dilemma_family_20456	VAR_CHANCE	100
52191	dei_dilemma_family_20463	VAR_CHANCE	100
52192	dei_dilemma_family_20470	VAR_CHANCE	100
52193	dei_dilemma_family_20477	VAR_CHANCE	100
52194	dei_dilemma_family_20484	VAR_CHANCE	100
52195	dei_dilemma_family_20491	VAR_CHANCE	100
52196	dei_dilemma_family_20498	VAR_CHANCE	100
52197	dei_dilemma_family_20505	VAR_CHANCE	100
52198	dei_dilemma_family_20512	VAR_CHANCE	100
52199	dei_dilemma_family_20519	VAR_CHANCE	100
52200	dei_dilemma_family_20526	VAR_CHANCE	100
52201	dei_dilemma_family_20533	VAR_CHANCE	100
52202	dei_dilemma_family_20540	VAR_CHANCE	100
52203	dei_dilemma_family_20547	VAR_CHANCE	100
52204	dei_dilemma_family_20554	VAR_CHANCE	100
52205	dei_dilemma_family_20561	VAR_CHANCE	0
52206	dei_dilemma_family_20568	VAR_CHANCE	100
52207	dei_dilemma_family_20575	VAR_CHANCE	0
52208	dei_dilemma_family_20582	VAR_CHANCE	100
52209	dei_dilemma_family_20589	VAR_CHANCE	100
52210	dei_dilemma_family_20596	VAR_CHANCE	100
52211	dei_dilemma_family_20603	VAR_CHANCE	100
52212	dei_dilemma_family_20610	VAR_CHANCE	100
52213	dei_dilemma_family_20617	VAR_CHANCE	100
52214	dei_dilemma_family_20624	VAR_CHANCE	100
52215	dei_dilemma_family_20631	VAR_CHANCE	100
52216	dei_dilemma_family_20638	VAR_CHANCE	100
52217	dei_dilemma_family_20645	VAR_CHANCE	100
52218	dei_dilemma_family_20652	VAR_CHANCE	100
52219	dei_dilemma_family_20659	VAR_CHANCE	100
52220	dei_dilemma_family_20666	VAR_CHANCE	100
52221	dei_dilemma_family_20673	VAR_CHANCE	100
52222	dei_dilemma_family_20680	VAR_CHANCE	100
52223	dei_dilemma_family_20687	VAR_CHANCE	100
52224	dei_dilemma_family_20694	VAR_CHANCE	100
52225	dei_dilemma_family_20701	VAR_CHANCE	100
52226	dei_dilemma_family_20708	VAR_CHANCE	100
52227	dei_dilemma_family_20715	VAR_CHANCE	100
52228	dei_dilemma_family_20722	VAR_CHANCE	0
52229	dei_dilemma_family_20729	VAR_CHANCE	100
52230	dei_dilemma_family_20736	VAR_CHANCE	100
52231	dei_dilemma_family_20743	VAR_CHANCE	100
52232	dei_dilemma_family_20750	VAR_CHANCE	100
52233	dei_dilemma_family_20757	VAR_CHANCE	100
52234	dei_dilemma_family_20764	VAR_CHANCE	100
52235	dei_dilemma_family_20771	VAR_CHANCE	100
52236	dei_dilemma_family_20778	VAR_CHANCE	100
52237	dei_dilemma_family_20785	VAR_CHANCE	100
52238	dei_dilemma_family_20792	VAR_CHANCE	100
52239	dei_dilemma_family_20799	VAR_CHANCE	100
52240	dei_dilemma_family_20806	VAR_CHANCE	100
52241	dei_dilemma_family_20813	VAR_CHANCE	100
52242	dei_dilemma_family_20820	VAR_CHANCE	100
52243	dei_dilemma_family_20827	VAR_CHANCE	100
52244	dei_dilemma_family_20834	VAR_CHANCE	100
52245	dei_dilemma_family_20841	VAR_CHANCE	100
52246	dei_dilemma_family_20848	VAR_CHANCE	100
52247	dei_dilemma_family_20855	VAR_CHANCE	0
52248	dei_dilemma_family_20862	VAR_CHANCE	0
52249	dei_dilemma_family_20869	VAR_CHANCE	100
52250	dei_dilemma_family_20876	VAR_CHANCE	0
52251	dei_dilemma_family_20883	VAR_CHANCE	100
52252	dei_dilemma_family_20890	VAR_CHANCE	100
52253	dei_dilemma_family_20897	VAR_CHANCE	100
52254	dei_dilemma_family_20904	VAR_CHANCE	100
52255	dei_dilemma_family_20911	VAR_CHANCE	100
52256	dei_dilemma_family_20918	VAR_CHANCE	0
52257	dei_dilemma_family_20925	VAR_CHANCE	0
52258	dei_dilemma_family_20932	VAR_CHANCE	100
52259	dei_dilemma_family_20939	VAR_CHANCE	100
52260	dei_dilemma_family_20946	VAR_CHANCE	100
52261	dei_dilemma_family_20953	VAR_CHANCE	100
52262	dei_dilemma_family_20960	VAR_CHANCE	100
52263	dei_dilemma_family_20967	VAR_CHANCE	0
52264	dei_dilemma_family_20974	VAR_CHANCE	0
52265	dei_dilemma_family_20981	VAR_CHANCE	100
52266	dei_dilemma_family_20988	VAR_CHANCE	100
52267	dei_dilemma_family_20995	VAR_CHANCE	100
52268	dei_dilemma_family_21002	VAR_CHANCE	100
52269	dei_dilemma_family_21009	VAR_CHANCE	100
52270	dei_dilemma_family_21016	VAR_CHANCE	100
52271	dei_dilemma_family_21023	VAR_CHANCE	100
52272	dei_dilemma_family_21030	VAR_CHANCE	100
52273	dei_dilemma_family_21037	VAR_CHANCE	100
52274	dei_dilemma_family_21044	VAR_CHANCE	100
52275	dei_dilemma_family_21051	VAR_CHANCE	100
52276	dei_dilemma_family_21058	VAR_CHANCE	100
52277	dei_dilemma_family_21065	VAR_CHANCE	100
52278	dei_dilemma_family_21072	VAR_CHANCE	100
52279	dei_dilemma_family_21079	VAR_CHANCE	100
52280	dei_dilemma_family_21086	VAR_CHANCE	100
52281	dei_dilemma_family_21093	VAR_CHANCE	100
52282	dei_dilemma_family_21100	VAR_CHANCE	100
52283	dei_dilemma_family_21107	VAR_CHANCE	100
52284	dei_dilemma_family_21114	VAR_CHANCE	100
52285	dei_dilemma_family_21121	VAR_CHANCE	100
52286	dei_dilemma_family_21128	VAR_CHANCE	100
52287	dei_dilemma_family_21135	VAR_CHANCE	100
52288	dei_dilemma_family_21142	VAR_CHANCE	100
52289	dei_dilemma_family_21149	VAR_CHANCE	100
52290	dei_dilemma_family_21156	VAR_CHANCE	100
52291	dei_dilemma_family_21163	VAR_CHANCE	100
52292	dei_dilemma_family_21170	VAR_CHANCE	100
52293	dei_dilemma_family_21177	VAR_CHANCE	100
52294	dei_dilemma_family_21184	VAR_CHANCE	100
52295	dei_dilemma_family_21191	VAR_CHANCE	100
52296	dei_dilemma_family_21198	VAR_CHANCE	100
52297	dei_dilemma_family_21205	VAR_CHANCE	100
52298	dei_dilemma_family_21212	VAR_CHANCE	100
52299	dei_dilemma_family_21219	VAR_CHANCE	100
52300	dei_dilemma_family_21226	VAR_CHANCE	100
52301	dei_dilemma_family_21233	VAR_CHANCE	100
52302	dei_dilemma_family_21240	VAR_CHANCE	100
52303	dei_dilemma_family_21247	VAR_CHANCE	100
52304	dei_dilemma_family_21254	VAR_CHANCE	100
52305	dei_dilemma_family_21261	VAR_CHANCE	100
52306	dei_dilemma_family_21268	VAR_CHANCE	100
52307	dei_dilemma_family_21275	VAR_CHANCE	100
52308	dei_dilemma_family_21282	VAR_CHANCE	100
52309	dei_dilemma_family_21289	VAR_CHANCE	100
52310	dei_dilemma_family_21296	VAR_CHANCE	100
52311	dei_dilemma_family_21303	VAR_CHANCE	100
52312	dei_dilemma_family_21310	VAR_CHANCE	100
52313	dei_dilemma_family_21317	VAR_CHANCE	100
52314	dei_dilemma_family_21324	VAR_CHANCE	100
52315	dei_dilemma_family_21331	VAR_CHANCE	100
52316	dei_dilemma_family_21338	VAR_CHANCE	100
52317	dei_dilemma_family_21345	VAR_CHANCE	100
52318	dei_dilemma_family_21352	VAR_CHANCE	100
52319	dei_dilemma_family_21359	VAR_CHANCE	100
52320	dei_dilemma_family_21366	VAR_CHANCE	100
52321	dei_dilemma_family_21373	VAR_CHANCE	100
52322	dei_dilemma_family_21380	VAR_CHANCE	100
52323	dei_dilemma_family_21387	VAR_CHANCE	100
52324	dei_dilemma_family_21394	VAR_CHANCE	100
52325	dei_dilemma_family_21401	VAR_CHANCE	100
52326	dei_dilemma_family_21408	VAR_CHANCE	100
52327	dei_dilemma_family_21415	VAR_CHANCE	100
52328	dei_dilemma_family_21422	VAR_CHANCE	100
52329	dei_dilemma_family_21429	VAR_CHANCE	100
52330	dei_dilemma_family_21436	VAR_CHANCE	100
52331	dei_dilemma_family_21443	VAR_CHANCE	100
52332	dei_dilemma_family_21450	VAR_CHANCE	100
52333	dei_dilemma_family_21457	VAR_CHANCE	100
52334	dei_dilemma_family_21464	VAR_CHANCE	100
52335	dei_dilemma_family_21471	VAR_CHANCE	100
52336	dei_dilemma_family_21478	VAR_CHANCE	100
52337	dei_dilemma_family_21485	VAR_CHANCE	100
52338	dei_dilemma_family_21492	VAR_CHANCE	100
52339	dei_dilemma_family_21499	VAR_CHANCE	100
52340	dei_dilemma_family_21506	VAR_CHANCE	100
52341	dei_dilemma_family_21513	VAR_CHANCE	100
52342	dei_dilemma_family_21520	VAR_CHANCE	100
52343	dei_dilemma_family_21527	VAR_CHANCE	100
52344	dei_dilemma_family_21534	VAR_CHANCE	100
52345	dei_dilemma_family_21541	VAR_CHANCE	100
52346	dei_dilemma_family_21548	VAR_CHANCE	100
52347	dei_dilemma_family_21555	VAR_CHANCE	100
52348	dei_dilemma_family_21562	VAR_CHANCE	100
52349	dei_dilemma_family_21569	VAR_CHANCE	100
52350	dei_dilemma_family_20001	CND_FACTION	rom_seleucid
52351	dei_dilemma_family_20008	CND_FACTION	rom_seleucid
52352	dei_dilemma_family_20015	CND_FACTION	rom_seleucid
52353	dei_dilemma_family_20022	CND_FACTION	rom_seleucid
52354	dei_dilemma_family_20029	CND_FACTION	rom_seleucid
52355	dei_dilemma_family_20036	CND_FACTION	rom_seleucid
52356	dei_dilemma_family_20043	CND_FACTION	rom_seleucid
52357	dei_dilemma_family_20050	CND_FACTION	rom_seleucid
52358	dei_dilemma_family_20057	CND_FACTION	rom_seleucid
52359	dei_dilemma_family_20064	CND_FACTION	rom_seleucid
52360	dei_dilemma_family_20071	CND_FACTION	rom_seleucid
52361	dei_dilemma_family_20078	CND_FACTION	rom_seleucid
52362	dei_dilemma_family_20085	CND_FACTION	rom_seleucid
52363	dei_dilemma_family_20092	CND_FACTION	rom_seleucid
52364	dei_dilemma_family_20099	CND_FACTION	rom_seleucid
52365	dei_dilemma_family_20106	CND_FACTION	rom_ptolemaics
52366	dei_dilemma_family_20113	CND_FACTION	rom_ptolemaics
52367	dei_dilemma_family_20120	CND_FACTION	rom_ptolemaics
52368	dei_dilemma_family_20127	CND_FACTION	rom_ptolemaics
52369	dei_dilemma_family_20134	CND_FACTION	rom_ptolemaics
52370	dei_dilemma_family_20141	CND_FACTION	rom_ptolemaics
52371	dei_dilemma_family_20148	CND_FACTION	rom_ptolemaics
52372	dei_dilemma_family_20155	CND_FACTION	rom_ptolemaics
52373	dei_dilemma_family_20162	CND_FACTION	rom_ptolemaics
52374	dei_dilemma_family_20169	CND_FACTION	rom_ptolemaics
52375	dei_dilemma_family_20176	CND_FACTION	rom_ptolemaics
52376	dei_dilemma_family_20183	CND_FACTION	rom_ptolemaics
52377	dei_dilemma_family_20190	CND_FACTION	rom_ptolemaics
52378	dei_dilemma_family_20197	CND_FACTION	rom_macedon
52379	dei_dilemma_family_20204	CND_FACTION	rom_macedon
52380	dei_dilemma_family_20211	CND_FACTION	rom_macedon
52381	dei_dilemma_family_20218	CND_FACTION	rom_macedon
52382	dei_dilemma_family_20225	CND_FACTION	rom_pergamon
52383	dei_dilemma_family_20232	CND_FACTION	rom_pergamon
52384	dei_dilemma_family_20239	CND_FACTION	rom_pergamon
52385	dei_dilemma_family_20246	CND_FACTION	rom_pergamon
52386	dei_dilemma_family_20253	CND_FACTION	rom_sparta
52387	dei_dilemma_family_20260	CND_FACTION	rom_sparta
52388	dei_dilemma_family_20267	CND_FACTION	rom_sparta
52389	dei_dilemma_family_20274	CND_FACTION	rom_ardiaei
52390	dei_dilemma_family_20281	CND_FACTION	rom_ardiaei
52391	dei_dilemma_family_20288	CND_FACTION	rom_ardiaei
52392	dei_dilemma_family_20295	CND_FACTION	rom_ardiaei
52393	dei_dilemma_family_20302	CND_FACTION	rom_ardiaei
52394	dei_dilemma_family_20309	CND_FACTION	rom_arevaci
52395	dei_dilemma_family_20316	CND_FACTION	rom_arevaci
52396	dei_dilemma_family_20323	CND_FACTION	rom_arevaci
52397	dei_dilemma_family_20330	CND_FACTION	rom_arevaci
52398	dei_dilemma_family_20337	CND_FACTION	rom_arevaci
52399	dei_dilemma_family_20344	CND_FACTION	rom_armenia
52400	dei_dilemma_family_20351	CND_FACTION	rom_armenia
52401	dei_dilemma_family_20358	CND_FACTION	rom_armenia
52402	dei_dilemma_family_20365	CND_FACTION	rom_armenia
52403	dei_dilemma_family_20372	CND_FACTION	rom_arverni
52404	dei_dilemma_family_20379	CND_FACTION	rom_arverni
52405	dei_dilemma_family_20386	CND_FACTION	rom_arverni
52406	dei_dilemma_family_20393	CND_FACTION	rom_arverni
52407	dei_dilemma_family_20400	CND_FACTION	rom_arverni
52408	dei_dilemma_family_20407	CND_FACTION	rom_arverni
52409	dei_dilemma_family_20414	CND_FACTION	rom_athens
52410	dei_dilemma_family_20421	CND_FACTION	rom_athens
52411	dei_dilemma_family_20428	CND_FACTION	rom_athens
52412	dei_dilemma_family_20435	CND_FACTION	rom_athens
52413	dei_dilemma_family_20442	CND_FACTION	rom_athens
52414	dei_dilemma_family_20449	CND_FACTION	rom_baktria
52415	dei_dilemma_family_20456	CND_FACTION	rom_baktria
52416	dei_dilemma_family_20463	CND_FACTION	rom_baktria
52417	dei_dilemma_family_20470	CND_FACTION	rom_baktria
52418	dei_dilemma_family_20477	CND_FACTION	rom_baktria
52419	dei_dilemma_family_20484	CND_FACTION	rom_cimmeria
52420	dei_dilemma_family_20491	CND_FACTION	rom_cimmeria
52421	dei_dilemma_family_20498	CND_FACTION	rom_cimmeria
52422	dei_dilemma_family_20505	CND_FACTION	rom_cimmeria
52423	dei_dilemma_family_20512	CND_FACTION	rom_cimmeria
52424	dei_dilemma_family_20519	CND_FACTION	rom_cimmeria
52425	dei_dilemma_family_20526	CND_FACTION	rom_colchis
52426	dei_dilemma_family_20533	CND_FACTION	rom_colchis
52427	dei_dilemma_family_20540	CND_FACTION	rom_colchis
52428	dei_dilemma_family_20547	CND_FACTION	rom_colchis
52429	dei_dilemma_family_20554	CND_FACTION	rom_colchis
52430	dei_dilemma_family_20561	CND_FACTION	rom_epirus
52431	dei_dilemma_family_20568	CND_FACTION	rom_epirus
52432	dei_dilemma_family_20575	CND_FACTION	rom_epirus
52433	dei_dilemma_family_20582	CND_FACTION	rom_epirus
52434	dei_dilemma_family_20589	CND_FACTION	rom_getae
52435	dei_dilemma_family_20596	CND_FACTION	rom_getae
52436	dei_dilemma_family_20603	CND_FACTION	rom_getae
52437	dei_dilemma_family_20610	CND_FACTION	rom_getae
52438	dei_dilemma_family_20617	CND_FACTION	rom_getae
52439	dei_dilemma_family_20624	CND_FACTION	rom_kartli
52440	dei_dilemma_family_20631	CND_FACTION	rom_kartli
52441	dei_dilemma_family_20638	CND_FACTION	rom_kartli
52442	dei_dilemma_family_20645	CND_FACTION	rom_kartli
52443	dei_dilemma_family_20652	CND_FACTION	rom_masaesyli
52444	dei_dilemma_family_20659	CND_FACTION	rom_masaesyli
52445	dei_dilemma_family_20666	CND_FACTION	rom_masaesyli
52446	dei_dilemma_family_20673	CND_FACTION	rom_masaesyli
52447	dei_dilemma_family_20680	CND_FACTION	rom_massagetae
52448	dei_dilemma_family_20687	CND_FACTION	rom_massagetae
52449	dei_dilemma_family_20694	CND_FACTION	rom_massagetae
52450	dei_dilemma_family_20701	CND_FACTION	rom_massagetae
52451	dei_dilemma_family_20708	CND_FACTION	rom_massagetae
52452	dei_dilemma_family_20715	CND_FACTION	rom_media_atropatene
52453	dei_dilemma_family_20722	CND_FACTION	rom_media_atropatene
52454	dei_dilemma_family_20729	CND_FACTION	rom_media_atropatene
52455	dei_dilemma_family_20736	CND_FACTION	rom_media_atropatene
52456	dei_dilemma_family_20743	CND_FACTION	rom_media_atropatene
52457	dei_dilemma_family_20750	CND_FACTION	rom_kush
52458	dei_dilemma_family_20757	CND_FACTION	rom_kush
52459	dei_dilemma_family_20764	CND_FACTION	rom_kush
52460	dei_dilemma_family_20771	CND_FACTION	rom_kush
52461	dei_dilemma_family_20778	CND_FACTION	rom_kush
52462	dei_dilemma_family_20785	CND_FACTION	rom_nabatea
52463	dei_dilemma_family_20792	CND_FACTION	rom_nabatea
52464	dei_dilemma_family_20799	CND_FACTION	rom_nabatea
52465	dei_dilemma_family_20806	CND_FACTION	rom_nabatea
52466	dei_dilemma_family_20813	CND_FACTION	rom_nabatea
52467	dei_dilemma_family_20820	CND_FACTION	rom_maurya
52468	dei_dilemma_family_20827	CND_FACTION	rom_maurya
52469	dei_dilemma_family_20834	CND_FACTION	rom_maurya
52470	dei_dilemma_family_20841	CND_FACTION	rom_maurya
52471	dei_dilemma_family_20848	CND_FACTION	rom_maurya
52472	dei_dilemma_family_20855	CND_FACTION	rom_syracuse
52473	dei_dilemma_family_20862	CND_FACTION	rom_syracuse
52474	dei_dilemma_family_20869	CND_FACTION	rom_syracuse
52475	dei_dilemma_family_20876	CND_FACTION	rom_odryssia
52476	dei_dilemma_family_20883	CND_FACTION	rom_odryssia
52477	dei_dilemma_family_20890	CND_FACTION	rom_odryssia
52478	dei_dilemma_family_20897	CND_FACTION	rom_odryssia
52479	dei_dilemma_family_20904	CND_FACTION	rom_odryssia
52480	dei_dilemma_family_20911	CND_FACTION	rom_odryssia
52481	dei_dilemma_family_20918	CND_FACTION	rom_parthia
52482	dei_dilemma_family_20925	CND_FACTION	rom_parthia
52483	dei_dilemma_family_20932	CND_FACTION	rom_parthia
52484	dei_dilemma_family_20939	CND_FACTION	rom_parthia
52485	dei_dilemma_family_20946	CND_FACTION	rom_parthia
52486	dei_dilemma_family_20953	CND_FACTION	rom_parthia
52487	dei_dilemma_family_20960	CND_FACTION	rom_parthia
52488	dei_dilemma_family_20967	CND_FACTION	rom_pontus
52489	dei_dilemma_family_20974	CND_FACTION	rom_pontus
52490	dei_dilemma_family_20981	CND_FACTION	rom_pontus
52491	dei_dilemma_family_20988	CND_FACTION	rom_pontus
52492	dei_dilemma_family_20995	CND_FACTION	rom_pontus
52493	dei_dilemma_family_21002	CND_FACTION	rom_pontus
52494	dei_dilemma_family_21009	CND_FACTION	rom_pontus
52495	dei_dilemma_family_21016	CND_FACTION	rom_saba
52496	dei_dilemma_family_21023	CND_FACTION	rom_saba
52497	dei_dilemma_family_21030	CND_FACTION	rom_saba
52498	dei_dilemma_family_21037	CND_FACTION	rom_saba
52499	dei_dilemma_family_21044	CND_FACTION	rom_saba
52500	dei_dilemma_family_21051	CND_FACTION	rom_roxolani
52501	dei_dilemma_family_21058	CND_FACTION	rom_roxolani
52502	dei_dilemma_family_21065	CND_FACTION	rom_roxolani
52503	dei_dilemma_family_21072	CND_FACTION	rom_roxolani
52504	dei_dilemma_family_21079	CND_FACTION	rom_roxolani
52505	dei_dilemma_family_21086	CND_FACTION	rom_scythia
52506	dei_dilemma_family_21093	CND_FACTION	rom_scythia
52507	dei_dilemma_family_21100	CND_FACTION	rom_scythia
52508	dei_dilemma_family_21107	CND_FACTION	rom_scythia
52509	dei_dilemma_family_21114	CND_FACTION	rom_scythia
52510	dei_dilemma_family_21121	CND_FACTION	rom_massilia
52511	dei_dilemma_family_21128	CND_FACTION	rom_massilia
52512	dei_dilemma_family_21135	CND_FACTION	rom_massilia
52513	dei_dilemma_family_21142	CND_FACTION	rom_massilia
52514	dei_dilemma_family_21149	CND_FACTION	rom_massilia
52515	dei_dilemma_family_21156	CND_FACTION	rom_rhodos
52516	dei_dilemma_family_21163	CND_FACTION	rom_rhodos
52517	dei_dilemma_family_21170	CND_FACTION	rom_rhodos
52518	dei_dilemma_family_21177	CND_FACTION	rom_rhodos
52519	dei_dilemma_family_21184	CND_FACTION	rom_rhodos
52520	dei_dilemma_family_21191	CND_FACTION	rom_caledones
52521	dei_dilemma_family_21198	CND_FACTION	rom_caledones
52522	dei_dilemma_family_21205	CND_FACTION	rom_caledones
52523	dei_dilemma_family_21212	CND_FACTION	rom_caledones
52524	dei_dilemma_family_21219	CND_FACTION	rom_caledones
52525	dei_dilemma_family_21226	CND_FACTION	rom_boii
52526	dei_dilemma_family_21233	CND_FACTION	rom_boii
52527	dei_dilemma_family_21240	CND_FACTION	rom_boii
52528	dei_dilemma_family_21247	CND_FACTION	rom_boii
52529	dei_dilemma_family_21254	CND_FACTION	rom_boii
52530	dei_dilemma_family_21261	CND_FACTION	rom_ebdani
52531	dei_dilemma_family_21268	CND_FACTION	rom_ebdani
52532	dei_dilemma_family_21275	CND_FACTION	rom_ebdani
52533	dei_dilemma_family_21282	CND_FACTION	rom_ebdani
52534	dei_dilemma_family_21289	CND_FACTION	rom_ebdani
52535	dei_dilemma_family_21296	CND_FACTION	rom_edetani
52536	dei_dilemma_family_21303	CND_FACTION	rom_edetani
52537	dei_dilemma_family_21310	CND_FACTION	rom_edetani
52538	dei_dilemma_family_21317	CND_FACTION	rom_edetani
52539	dei_dilemma_family_21324	CND_FACTION	rom_edetani
52540	dei_dilemma_family_21331	CND_FACTION	rom_galatia
52541	dei_dilemma_family_21338	CND_FACTION	rom_galatia
52542	dei_dilemma_family_21345	CND_FACTION	rom_galatia
52543	dei_dilemma_family_21352	CND_FACTION	rom_galatia
52544	dei_dilemma_family_21359	CND_FACTION	rom_galatia
52545	dei_dilemma_family_21366	CND_FACTION	rom_iceni
52546	dei_dilemma_family_21373	CND_FACTION	rom_iceni
52547	dei_dilemma_family_21380	CND_FACTION	rom_iceni
52548	dei_dilemma_family_21387	CND_FACTION	rom_iceni
52549	dei_dilemma_family_21394	CND_FACTION	rom_iceni
52550	dei_dilemma_family_21401	CND_FACTION	rom_lugii
52551	dei_dilemma_family_21408	CND_FACTION	rom_lugii
52552	dei_dilemma_family_21415	CND_FACTION	rom_lugii
52553	dei_dilemma_family_21422	CND_FACTION	rom_lugii
52554	dei_dilemma_family_21429	CND_FACTION	rom_lugii
52555	dei_dilemma_family_21436	CND_FACTION	rom_lusitani
52556	dei_dilemma_family_21443	CND_FACTION	rom_lusitani
52557	dei_dilemma_family_21450	CND_FACTION	rom_lusitani
52558	dei_dilemma_family_21457	CND_FACTION	rom_lusitani
52559	dei_dilemma_family_21464	CND_FACTION	rom_lusitani
52560	dei_dilemma_family_21471	CND_FACTION	rom_nervii
52561	dei_dilemma_family_21478	CND_FACTION	rom_nervii
52562	dei_dilemma_family_21485	CND_FACTION	rom_nervii
52563	dei_dilemma_family_21492	CND_FACTION	rom_nervii
52564	dei_dilemma_family_21499	CND_FACTION	rom_nervii
52565	dei_dilemma_family_21506	CND_FACTION	rom_scordisci
52566	dei_dilemma_family_21513	CND_FACTION	rom_scordisci
52567	dei_dilemma_family_21520	CND_FACTION	rom_scordisci
52568	dei_dilemma_family_21527	CND_FACTION	rom_scordisci
52569	dei_dilemma_family_21534	CND_FACTION	rom_scordisci
52570	dei_dilemma_family_21541	CND_FACTION	rom_suebi
52571	dei_dilemma_family_21548	CND_FACTION	rom_suebi
52572	dei_dilemma_family_21555	CND_FACTION	rom_suebi
52573	dei_dilemma_family_21562	CND_FACTION	rom_suebi
60000	dei_dilemma_AI_OFFER_PEACE	CND_CAMPAIGN	main_rome
60001	dei_dilemma_AI_OFFER_PEACE	VAR_CHANCE	100
60002	dei_dilemma_AI_OFFER_PEACE	CND_FIRST_ROUND	10
60003	dei_dilemma_AI_OFFER_PEACE	CND_ROUNDS_UNTIL_NEXT	10
60003	dei_dilemma_AI_OFFER_PEACE	CND_AT_WAR	
60010	dei_dilemma_COALITION_INVITE	CND_CAMPAIGN	main_rome
60011	dei_dilemma_COALITION_INVITE	VAR_CHANCE	100
